user_id,date,steps,calories_burned,distance_km,active_minutes,sleep_hours,heart_rate_avg,workout_type,weather_conditions,location,mood
468,2023-01-01,4530,2543.02,16.1,613,1.5,176,Walking,Clear,Park,Tired
879,2023-01-01,11613,1720.76,8.1,352,6.3,128,Cycling,Fog,Park,Happy
152,2023-01-01,27335,1706.35,3.57,236,6.7,134,Yoga,Snow,Park,Neutral
311,2023-01-01,13459,2912.38,6.41,1329,11.6,116,Swimming,Rain,Office,Tired
759,2023-01-01,15378,3344.51,17.88,52,7.4,84,Swimming,Rain,Office,Neutral
670,2023-01-01,29800,1812.5,16.92,1032,7,120,"Gym Workout",Snow,Home,Stressed
245,2023-01-01,498,3553.37,3.31,534,7.4,154,Swimming,Snow,Gym,Stressed
962,2023-01-01,9081,3679.95,6.98,602,4.2,152,"Gym Workout",Fog,Gym,Stressed
701,2023-01-01,9724,3082.07,1.16,1269,6.1,86,Running,Snow,Gym,Tired
412,2023-01-01,27460,1547.16,2.21,733,4.6,87,Cycling,Rain,Gym,Happy
201,2023-01-01,11282,2750.65,10.97,1131,0.5,167,Cycling,Snow,Park,Stressed
104,2023-01-01,19076,3462.39,5.77,787,2.2,100,Yoga,Snow,Other,Stressed
555,2023-01-01,14834,3293.93,19.12,323,11,116,None,Snow,Home,Neutral
982,2023-01-01,23910,2025.84,19.18,911,0.1,131,Cycling,Fog,Office,Tired
254,2023-01-01,18735,3982.39,3.48,488,8.1,132,Running,Rain,Home,Stressed
869,2023-01-01,4641,2436.38,8.25,595,1.5,90,None,Snow,Other,Tired
844,2023-01-01,11162,3363.78,13.27,1212,10.2,128,Swimming,Fog,Home,Happy
687,2023-01-01,22850,3831.47,19.15,482,0.3,141,Walking,Clear,Park,Neutral
640,2023-01-01,20127,3664.69,9.93,30,7.2,76,Swimming,Clear,Other,Happy
211,2023-01-01,18165,3984.15,8.21,659,9.8,84,Yoga,Fog,Office,Neutral
245,2023-01-01,24993,1511.86,18.73,438,3.9,105,Running,Fog,Other,Stressed
850,2023-01-01,19439,3455.02,10.39,413,9.3,65,Walking,Clear,Office,Happy
696,2023-01-01,27762,3432.03,13.84,436,4.5,151,Swimming,Rain,Gym,Stressed
720,2023-01-01,2821,2157.13,10.01,1309,7.4,144,Running,Clear,Home,Tired
159,2023-01-01,9712,2985.72,11.31,1060,10,69,None,Snow,Park,Neutral
809,2023-01-01,13343,3484.76,13.96,756,10.3,96,"Gym Workout",Snow,Gym,Stressed
633,2023-01-01,2992,2759.26,13.68,945,8.1,176,"Gym Workout",Clear,Gym,Neutral
369,2023-01-01,14417,3910.01,10.24,939,10.8,139,Walking,Snow,Gym,Stressed
625,2023-01-01,28144,2799.9,11.05,1360,5.7,175,Yoga,Rain,Office,Tired
311,2023-01-01,4798,2620.92,11.42,30,5.1,74,Swimming,Clear,Office,Neutral
182,2023-01-01,22274,1951.05,1.11,909,0.6,121,Running,Snow,Office,Neutral
882,2023-01-01,9556,3581.64,7.98,463,7.9,97,Running,Clear,Park,Happy
346,2023-01-01,13549,1948.82,18.03,568,7,68,Walking,Clear,Home,Neutral
56,2023-01-01,23425,2668.68,18.28,17,0.5,83,Walking,Snow,Gym,Neutral
800,2023-01-01,12897,2367.4,9.49,850,11.3,175,Walking,Clear,Home,Happy
611,2023-01-01,1572,1683.07,11.44,1135,8,68,Running,Clear,Park,Neutral
293,2023-01-01,2417,1804.38,10.5,190,5.7,137,Yoga,Snow,Home,Tired
706,2023-01-01,26462,3240.08,12.5,1192,11.7,160,Running,Rain,Gym,Stressed
510,2023-01-01,12437,2197.36,15.25,898,0.9,163,Swimming,Rain,Home,Stressed
15,2023-01-01,26423,2600.71,6.51,1050,0.9,160,"Gym Workout",Fog,Other,Tired
543,2023-01-01,10155,2505.42,1.52,238,3.2,178,None,Clear,Home,Happy
364,2023-01-01,13133,2083.37,18.56,705,4.3,76,Yoga,Rain,Park,Tired
629,2023-01-01,8033,3658.93,19.6,1264,3.9,117,Yoga,Snow,Gym,Tired
308,2023-01-01,16201,2238.35,15.82,474,6,172,Swimming,Clear,Home,Tired
678,2023-01-01,5632,3282.66,12.15,578,4.8,63,Cycling,Snow,Gym,Neutral
177,2023-01-01,16949,3187.79,3.38,505,8.8,80,None,Clear,Park,Stressed
264,2023-01-01,14056,3781.09,1.41,383,10.2,106,Cycling,Snow,Home,Neutral
778,2023-01-01,5389,3058.01,5.12,1027,1,87,Walking,Snow,Home,Stressed
470,2023-01-01,11317,2513.98,4.1,946,11.4,166,None,Snow,Home,Tired
758,2023-01-01,2517,1702.37,2.08,425,9,60,None,Snow,Office,Stressed
901,2023-01-01,16306,3594.96,7.11,1305,4.3,132,Swimming,Rain,Other,Neutral
91,2023-01-01,27311,2488.04,11.87,159,6.3,177,Swimming,Clear,Home,Stressed
565,2023-01-01,17556,2987.71,14.87,322,0.8,154,None,Snow,Office,Happy
26,2023-01-01,10109,2603.91,7.76,482,1.4,158,"Gym Workout",Rain,Other,Tired
747,2023-01-01,12390,1741.93,15.75,733,2.9,153,Walking,Clear,Office,Tired
132,2023-01-01,15675,2809.05,1.87,1209,3.2,86,Running,Clear,Home,Stressed
477,2023-01-01,3278,3328.3,17.98,935,5.4,175,Yoga,Rain,Park,Stressed
767,2023-01-01,15402,3715.85,4.84,908,5.1,118,Yoga,Clear,Park,Stressed
251,2023-01-01,9826,2426.15,2.8,1104,11.8,73,Walking,Fog,Home,Stressed
484,2023-01-01,330,2700.05,11.17,208,6.9,83,Walking,Clear,Gym,Tired
801,2023-01-01,29438,2399.34,12.43,303,11.5,60,Running,Clear,Gym,Tired
52,2023-01-01,28897,2247.05,6.29,598,1.4,146,Swimming,Clear,Gym,Tired
482,2023-01-01,19249,2759.89,5.37,379,0.1,76,Yoga,Fog,Home,Neutral
533,2023-01-01,11002,3934.54,16.55,1394,7.5,158,"Gym Workout",Rain,Home,Tired
801,2023-01-01,29678,3349.07,9.9,1207,2.3,90,Running,Fog,Office,Neutral
248,2023-01-01,431,2969.94,17.27,654,2.6,102,Running,Snow,Home,Neutral
104,2023-01-01,3132,3383.92,18.74,352,2.6,67,None,Fog,Office,Happy
274,2023-01-01,22350,2109.15,4.34,640,2.7,68,Walking,Snow,Park,Stressed
304,2023-01-01,5340,1878.64,15.05,647,0.1,125,Yoga,Rain,Home,Tired
593,2023-01-01,21504,1747,2.62,985,9.1,76,"Gym Workout",Clear,Gym,Tired
502,2023-01-01,29725,2099.17,14.09,594,1.7,110,Running,Clear,Gym,Stressed
768,2023-01-01,28027,3702.46,1.91,790,1.1,170,None,Fog,Park,Stressed
137,2023-01-01,26865,3896.29,18.89,1000,11.9,60,None,Clear,Park,Tired
192,2023-01-01,3364,3998.92,10.6,718,9.8,64,Cycling,Snow,Other,Stressed
994,2023-01-01,3582,1868.32,12.45,754,10.2,88,Running,Rain,Home,Tired
859,2023-01-01,22117,1982.57,9.27,678,1.6,77,None,Clear,Office,Stressed
254,2023-01-01,28800,1772.87,12.33,997,5.6,88,Walking,Snow,Park,Happy
908,2023-01-01,11889,2361.55,19.12,497,1.5,106,"Gym Workout",Snow,Other,Happy
559,2023-01-01,8876,2022.3,19.03,10,0.5,164,None,Clear,Other,Stressed
250,2023-01-01,28801,3304.39,2.65,190,9.3,91,Swimming,Clear,Park,Tired
263,2023-01-01,2022,1688.99,13.14,327,8,145,Yoga,Clear,Other,Tired
448,2023-01-01,20503,3683.4,4.75,868,7.5,92,Yoga,Rain,Other,Happy
298,2023-01-01,21722,3698.94,15.17,1235,3.7,105,Yoga,Snow,Park,Happy
376,2023-01-01,5792,3549.59,3.46,869,4.9,156,Swimming,Clear,Park,Stressed
716,2023-01-01,12574,2705.94,14.54,383,10.9,78,Walking,Rain,Office,Stressed
219,2023-01-01,5484,2654.35,7.88,686,1.8,91,Swimming,Rain,Home,Happy
888,2023-01-01,11949,2864.7,6.51,1235,0.7,127,Running,Clear,Home,Tired
32,2023-01-01,242,3827.13,9.38,1021,9.5,98,Walking,Snow,Office,Happy
374,2023-01-01,2912,2100.46,4.63,886,8.3,78,"Gym Workout",Clear,Office,Stressed
814,2023-01-01,18122,2022.75,3.72,1049,8.7,174,Cycling,Clear,Office,Stressed
706,2023-01-01,19353,3756.76,9.84,1146,9.8,87,Cycling,Fog,Gym,Tired
255,2023-01-01,7721,2689.83,4.73,706,8.4,115,"Gym Workout",Fog,Office,Neutral
363,2023-01-01,24512,3455.55,9.96,1164,4.9,102,Running,Snow,Gym,Tired
227,2023-01-01,626,3506.11,17.39,467,11.4,64,"Gym Workout",Fog,Park,Neutral
317,2023-01-01,24390,3504.99,9.32,1303,0.3,87,Swimming,Clear,Park,Neutral
283,2023-01-01,21754,2150.95,15.99,38,1.8,67,"Gym Workout",Clear,Park,Tired
644,2023-01-01,530,2448.33,2.59,714,7.4,77,Swimming,Snow,Other,Stressed
592,2023-01-01,29294,1811.6,11.33,174,11.3,77,Walking,Clear,Gym,Neutral
690,2023-01-01,24371,2985.58,8.92,1268,2.6,109,Walking,Fog,Other,Stressed
126,2023-01-01,1768,1722.24,14.29,296,2.2,70,Running,Snow,Park,Happy
843,2023-01-01,10390,1704.65,12.96,1325,6.6,144,Walking,Clear,Office,Tired
705,2023-01-01,14,1878.03,0.94,916,0.2,175,Cycling,Rain,Park,Happy
714,2023-01-01,16030,3601.22,11.26,834,8.2,112,Yoga,Snow,Park,Stressed
444,2023-01-01,4826,3125.88,5.24,646,1.6,72,Cycling,Fog,Park,Happy
467,2023-01-01,28480,2456.45,2.49,671,3.9,74,Running,Rain,Gym,Neutral
573,2023-01-01,21027,3143.28,8.96,61,3.6,173,Yoga,Snow,Office,Happy
674,2023-01-01,15022,1597.47,6.25,1070,11.9,114,Yoga,Rain,Gym,Happy
195,2023-01-01,13837,3670.87,6.75,746,0.8,142,Yoga,Fog,Office,Tired
427,2023-01-01,13469,3550.71,4.12,200,9.9,113,None,Snow,Park,Neutral
979,2023-01-01,14454,2848.31,3.13,1123,11.3,120,"Gym Workout",Clear,Park,Happy
392,2023-01-01,18715,3470.2,4.51,1042,4.1,147,"Gym Workout",Fog,Gym,Neutral
212,2023-01-01,28,2104.8,9.46,1283,11.9,61,Yoga,Clear,Gym,Happy
934,2023-01-01,6719,3951.91,7.45,440,6.6,88,Cycling,Clear,Home,Tired
298,2023-01-01,5728,2695.76,8.85,439,4.5,88,Yoga,Clear,Gym,Neutral
564,2023-01-01,29962,1660.34,2.26,270,7.8,125,Walking,Rain,Gym,Tired
365,2023-01-01,26221,1762.27,1.77,1433,2.1,117,Swimming,Rain,Home,Stressed
478,2023-01-01,13690,3163.04,8.79,1405,8.7,170,Running,Snow,Gym,Neutral
418,2023-01-01,15880,2888.8,10,570,12,136,Running,Clear,Gym,Neutral
614,2023-01-01,15290,3905.71,12.97,824,3.4,145,Running,Snow,Park,Stressed
940,2023-01-01,6747,3858.17,5.42,595,10.3,104,"Gym Workout",Snow,Home,Tired
847,2023-01-01,27841,2362.27,9.89,1372,1.7,72,Yoga,Rain,Other,Tired
827,2023-01-01,28102,1668.99,10.27,440,4.8,150,Cycling,Clear,Other,Stressed
615,2023-01-01,21093,3800.79,11,1125,9,115,Yoga,Rain,Other,Tired
348,2023-01-01,14333,2134.76,4.8,8,7,176,"Gym Workout",Snow,Home,Tired
434,2023-01-01,27712,1609.23,10.5,57,2.3,64,Walking,Clear,Park,Tired
15,2023-01-01,25138,3334.13,8.77,871,7.8,93,Walking,Clear,Other,Tired
334,2023-01-01,21216,1951.81,9.13,37,5,140,Swimming,Fog,Park,Happy
960,2023-01-01,13495,3731.98,2.16,3,6.7,104,Running,Clear,Office,Stressed
255,2023-01-01,24202,1559.08,18.91,904,10.8,139,"Gym Workout",Fog,Home,Tired
239,2023-01-01,15039,3740.15,17.36,1157,6,147,Walking,Fog,Home,Happy
498,2023-01-01,7338,3155.71,6.48,676,1,160,Swimming,Clear,Other,Neutral
568,2023-01-01,9418,2785.41,5.19,203,5.1,90,Yoga,Rain,Park,Stressed
104,2023-01-01,23664,2561.28,12.14,1431,5.4,142,None,Rain,Home,Tired
457,2023-01-01,2249,1716.64,8.06,193,11.7,125,Walking,Clear,Park,Neutral
655,2023-01-01,20826,2684.46,7.67,272,10.4,163,None,Rain,Other,Happy
706,2023-01-01,12682,3185.29,6,240,7.9,89,Yoga,Snow,Office,Neutral
252,2023-01-01,492,3745.35,7.08,1183,5.8,93,None,Fog,Other,Happy
109,2023-01-01,17231,2151.77,11.67,917,8.3,169,Running,Fog,Park,Happy
996,2023-01-01,24035,2034.65,2.22,573,8.7,70,Yoga,Rain,Home,Tired
485,2023-01-01,4119,1741.12,19.66,948,8.8,125,Yoga,Clear,Gym,Tired
779,2023-01-01,11423,3763.52,15.43,1256,8.3,60,Cycling,Clear,Other,Tired
504,2023-01-01,24507,1673.87,16.67,847,1.4,85,Swimming,Snow,Other,Happy
716,2023-01-01,20722,2732.63,1.77,482,9.9,84,Swimming,Rain,Gym,Happy
310,2023-01-01,13697,1552.78,2.17,530,5.4,89,Swimming,Snow,Home,Tired
229,2023-01-01,23629,2587.12,5.77,1254,4.5,174,"Gym Workout",Clear,Home,Happy
715,2023-01-01,8488,3289.56,4.49,542,8.1,172,Yoga,Snow,Other,Stressed
894,2023-01-01,15210,2225.33,8.94,874,8.3,94,Walking,Snow,Gym,Tired
443,2023-01-01,13743,3690.3,11.88,19,11.9,125,Swimming,Fog,Gym,Neutral
72,2023-01-01,10200,1665.47,16.24,1319,10.4,66,Yoga,Clear,Other,Stressed
440,2023-01-01,7309,1882.33,14.24,772,1.9,132,Running,Fog,Park,Neutral
371,2023-01-01,1130,3820.1,6.42,576,1.6,130,Yoga,Rain,Office,Tired
920,2023-01-01,9161,2379.19,13.29,151,3,168,Swimming,Rain,Other,Stressed
574,2023-01-01,21767,2914.96,8.77,1306,8.6,137,Swimming,Fog,Home,Happy
627,2023-01-01,8188,3918.44,14.53,901,1,114,"Gym Workout",Snow,Office,Neutral
465,2023-01-01,19007,3123.27,4.01,109,11,177,Swimming,Snow,Home,Neutral
517,2023-01-01,15736,1768.96,0.13,517,5.9,81,Swimming,Clear,Home,Neutral
32,2023-01-01,17244,3115.58,15.35,1374,1.5,168,Yoga,Snow,Park,Happy
266,2023-01-01,17281,2372.17,10.08,677,6,150,Cycling,Snow,Other,Neutral
130,2023-01-01,6044,2905.25,0.22,628,11.3,145,Running,Clear,Gym,Stressed
696,2023-01-01,20534,2642.12,16.18,1187,1.3,71,Cycling,Rain,Other,Happy
110,2023-01-01,28765,3119.01,8.23,1328,11.3,175,"Gym Workout",Clear,Home,Happy
916,2023-01-01,6540,1805.13,6.39,1105,4.5,80,"Gym Workout",Snow,Park,Happy
297,2023-01-01,7546,2558.41,8.83,605,7.4,161,Walking,Clear,Home,Happy
964,2023-01-01,24607,3172.46,13.57,1430,3.8,88,Yoga,Clear,Office,Happy
513,2023-01-01,14551,2144.17,14.9,496,10.8,79,Running,Fog,Park,Stressed
409,2023-01-01,25553,2352.28,11.69,549,6.8,177,None,Rain,Office,Stressed
501,2023-01-01,4796,2232.55,4.98,1305,10.7,101,Yoga,Snow,Gym,Happy
732,2023-01-01,29405,2046.65,15.37,965,9.8,92,Swimming,Clear,Gym,Stressed
952,2023-01-01,14615,2996.04,18.28,507,10.6,120,Walking,Rain,Gym,Tired
272,2023-01-01,21139,3499.57,19.66,383,6,151,"Gym Workout",Fog,Park,Happy
519,2023-01-01,16161,2340.62,15.82,766,0,98,Swimming,Fog,Office,Neutral
584,2023-01-01,26267,1713.29,1.04,119,0.1,71,Walking,Clear,Office,Happy
973,2023-01-01,17438,3311.99,10.88,417,6.1,73,Swimming,Fog,Park,Neutral
652,2023-01-01,7114,1595.74,10.96,1328,9.4,100,"Gym Workout",Fog,Other,Happy
214,2023-01-01,5774,3233.67,15.24,1305,3,77,"Gym Workout",Rain,Gym,Stressed
798,2023-01-01,29755,2365.36,12.95,1027,9.1,109,Running,Clear,Gym,Happy
61,2023-01-01,8124,3860.26,15.01,112,3.4,167,Yoga,Snow,Home,Tired
331,2023-01-01,21263,3995.08,13.06,768,3.2,64,Cycling,Rain,Office,Stressed
455,2023-01-01,4102,3895.85,14.4,376,10,147,None,Fog,Home,Happy
783,2023-01-01,4810,2434.31,1.49,1131,7.4,90,Yoga,Snow,Office,Happy
918,2023-01-01,15302,1646.31,10.64,1180,3.8,67,Walking,Clear,Office,Tired
201,2023-01-01,7104,2638.94,4.99,378,4.9,177,Walking,Clear,Home,Tired
571,2023-01-01,28383,2668.59,2.52,626,0.3,100,Cycling,Fog,Park,Stressed
884,2023-01-01,4881,1794.23,15.21,89,9.1,160,Cycling,Fog,Home,Tired
452,2023-01-01,26799,1573.76,7.06,215,7.3,89,Yoga,Fog,Other,Neutral
294,2023-01-01,3564,1555.18,6.66,114,2.8,176,Running,Rain,Other,Stressed
988,2023-01-01,18511,2691.08,10.14,1414,4.2,116,Yoga,Fog,Office,Tired
767,2023-01-01,28344,1889.46,17.24,827,9.7,145,"Gym Workout",Snow,Park,Stressed
538,2023-01-01,24741,1861.82,2.48,137,8.5,151,Cycling,Snow,Park,Neutral
940,2023-01-01,4399,1568.6,15.97,363,8.7,100,None,Clear,Gym,Tired
879,2023-01-01,2172,2130.33,11.55,611,9.5,122,Running,Clear,Park,Tired
319,2023-01-01,11247,3798.26,1.93,824,3.4,84,Walking,Fog,Office,Tired
556,2023-01-01,16858,3658.04,2.61,1247,6.5,64,None,Clear,Park,Happy
166,2023-01-01,15295,3414.5,3.68,531,7,94,Running,Clear,Home,Neutral
112,2023-01-01,17386,1855.95,0.04,1262,0.1,76,None,Rain,Office,Happy
377,2023-01-01,22519,3135.34,5.49,292,5.9,71,Swimming,Fog,Gym,Happy
362,2023-01-01,17198,3702.3,1.48,788,7.1,84,Walking,Rain,Home,Tired
209,2023-01-01,21460,2552.31,15.18,954,7.5,170,Swimming,Clear,Other,Happy
873,2023-01-01,3359,1610.75,15.86,478,5.1,178,Running,Rain,Gym,Tired
699,2023-01-01,8958,3102.41,4.3,58,4.9,143,Cycling,Rain,Park,Tired
683,2023-01-01,15393,2094.3,6.31,1256,7.4,136,Swimming,Snow,Home,Tired
391,2023-01-01,5337,3212.11,6.08,86,8.8,153,Walking,Clear,Other,Tired
910,2023-01-01,3819,3230.39,15.91,1122,3.6,96,Swimming,Rain,Gym,Tired
558,2023-01-01,13520,2392.79,9.69,1292,3,147,Running,Clear,Park,Stressed
75,2023-01-01,4493,3332.84,0.44,600,7.3,144,Cycling,Snow,Office,Neutral
564,2023-01-01,24737,3636.88,2.63,212,2.1,106,Running,Rain,Park,Happy
242,2023-01-01,25206,1711.18,5.62,898,10.9,129,Walking,Fog,Gym,Tired
504,2023-01-01,13589,3086.08,3.75,136,9.8,143,Swimming,Clear,Office,Tired
401,2023-01-01,18893,2716.6,8.33,428,4.2,127,Swimming,Clear,Park,Stressed
856,2023-01-01,11905,2236.42,4.51,86,10.8,76,Yoga,Rain,Gym,Happy
878,2023-01-01,20852,2293.53,18.01,30,11.4,77,Swimming,Rain,Other,Happy
228,2023-01-01,13068,3889.15,13.75,1284,7.3,66,Cycling,Clear,Park,Neutral
751,2023-01-01,27525,3634.67,14.9,512,9.7,132,Cycling,Fog,Office,Tired
259,2023-01-01,16988,3535.61,9.67,159,7.9,162,Cycling,Rain,Other,Tired
827,2023-01-01,1762,3313.18,2.72,708,0.4,98,None,Snow,Other,Happy
898,2023-01-01,18047,1744.98,17.7,1118,9.9,150,None,Fog,Gym,Stressed
792,2023-01-01,2751,3284.8,11.8,956,7.2,170,Walking,Snow,Park,Happy
90,2023-01-01,15989,2162.76,8.45,134,10.9,101,Cycling,Snow,Home,Neutral
108,2023-01-01,26849,1875.53,5.57,1165,11.1,136,None,Rain,Gym,Happy
664,2023-01-01,22037,3181.13,14.93,456,7,149,"Gym Workout",Clear,Gym,Stressed
128,2023-01-01,14958,2314.57,19.32,818,10.7,110,"Gym Workout",Snow,Home,Stressed
370,2023-01-01,10975,3993.4,12.46,226,2.4,177,"Gym Workout",Snow,Office,Stressed
650,2023-01-01,8672,2101.32,2.37,99,10.9,78,Yoga,Clear,Office,Happy
323,2023-01-01,5359,1878.42,4.62,324,0.9,107,None,Rain,Gym,Stressed
255,2023-01-01,5833,2102.24,15.4,385,3.2,177,"Gym Workout",Clear,Office,Tired
48,2023-01-01,10887,3179.33,3.03,144,5.3,120,None,Fog,Gym,Happy
689,2023-01-01,18143,3523.19,4.86,1113,11.2,102,Running,Clear,Home,Stressed
860,2023-01-01,1804,2988.27,10.6,985,9.1,78,Cycling,Fog,Home,Stressed
109,2023-01-01,592,2065.83,10.6,608,9.2,112,Walking,Snow,Gym,Tired
211,2023-01-01,11391,3611.02,4.49,805,0.5,135,"Gym Workout",Fog,Gym,Happy
633,2023-01-01,18852,2124.16,13.18,611,6,129,Yoga,Fog,Other,Stressed
194,2023-01-01,2416,3978.48,3.7,356,9.4,106,Swimming,Fog,Park,Stressed
425,2023-01-01,8443,1932.99,3.07,315,11.5,80,Walking,Rain,Gym,Happy
450,2023-01-01,890,3699.76,3.98,825,7.7,86,None,Rain,Gym,Happy
769,2023-01-01,7218,3158.56,12.27,1254,2.7,129,Running,Clear,Other,Happy
425,2023-01-01,25391,2026.7,3.53,208,2.6,145,Yoga,Snow,Office,Neutral
506,2023-01-01,15657,3314.23,8.34,171,0.5,151,"Gym Workout",Snow,Home,Neutral
927,2023-01-01,4801,2864.36,14.66,639,4.4,146,Running,Clear,Home,Stressed
528,2023-01-01,1226,2974.62,6.11,521,2.6,157,Swimming,Snow,Gym,Stressed
896,2023-01-01,25741,2627.88,4.88,635,9,67,Yoga,Clear,Park,Neutral
960,2023-01-01,5662,3424.86,13.38,943,11.7,173,Swimming,Fog,Other,Tired
155,2023-01-01,20512,2921.72,14.46,583,1.7,164,Running,Snow,Office,Tired
484,2023-01-01,145,2251.3,15.35,974,0.5,129,Cycling,Rain,Other,Tired
61,2023-01-01,26247,2666.3,8.38,1248,5.7,64,Walking,Clear,Park,Neutral
192,2023-01-01,24039,1505.58,17.92,25,10.6,164,None,Fog,Park,Stressed
433,2023-01-01,20737,2401.01,8.53,373,3.1,112,"Gym Workout",Clear,Gym,Happy
566,2023-01-01,16151,2364.84,18.77,716,10.4,148,Walking,Clear,Other,Tired
473,2023-01-01,9259,3877.41,1.28,1200,8.3,66,None,Rain,Home,Happy
360,2023-01-01,14235,3767.15,0.49,1183,7,67,Cycling,Snow,Gym,Neutral
869,2023-01-01,19974,1531.55,17.56,408,4.9,138,Walking,Rain,Home,Tired
574,2023-01-01,29054,3510.74,12.66,678,6.8,177,"Gym Workout",Snow,Home,Happy
520,2023-01-01,17866,2723.97,4.99,346,11.7,162,Swimming,Snow,Gym,Neutral
820,2023-01-01,1537,1833.26,12.1,211,0.2,80,Cycling,Rain,Other,Neutral
54,2023-01-01,20970,2445.81,7.16,375,6,100,None,Rain,Home,Neutral
335,2023-01-01,26733,1814.46,14.39,305,0.7,95,None,Fog,Other,Happy
413,2023-01-01,11289,3832.72,2.14,1043,5.2,127,Running,Snow,Park,Happy
402,2023-01-01,11479,2530.42,3.35,113,3.1,81,Running,Clear,Park,Neutral
617,2023-01-01,19138,1718.37,18.12,21,10.2,147,Cycling,Rain,Gym,Stressed
535,2023-01-01,17759,1765.03,17.88,193,11.2,142,Running,Snow,Home,Stressed
282,2023-01-01,15130,1596.57,2.89,1243,11.2,101,Cycling,Snow,Park,Tired
681,2023-01-01,13937,3199.02,12.37,191,1.9,145,"Gym Workout",Snow,Gym,Stressed
829,2023-01-01,12346,1977.77,3.12,461,10.8,118,Yoga,Rain,Office,Happy
971,2023-01-01,11905,3166.44,0.99,525,3.9,139,Swimming,Snow,Other,Happy
53,2023-01-01,6062,3635.86,7.56,1056,10.1,74,Walking,Clear,Park,Stressed
590,2023-01-01,18401,2965.63,5.12,227,3.7,97,Swimming,Clear,Park,Neutral
646,2023-01-01,8004,3543.77,8.82,1339,8.1,105,None,Clear,Gym,Tired
641,2023-01-01,29229,1815.35,19.44,190,5.2,158,"Gym Workout",Snow,Park,Stressed
524,2023-01-01,17313,3433.35,3.17,224,7.1,108,Walking,Rain,Other,Happy
559,2023-01-01,15944,2289.13,0.83,791,8.8,70,"Gym Workout",Fog,Gym,Tired
649,2023-01-01,5000,2388.04,1.8,1276,3.3,163,Running,Snow,Home,Happy
823,2023-01-01,8838,3489.42,19.99,1116,6.1,95,Walking,Rain,Office,Neutral
169,2023-01-01,5964,3212.07,11.07,1062,4.3,172,Walking,Fog,Office,Neutral
44,2023-01-01,7385,3262.21,16.42,787,4.3,157,Walking,Fog,Park,Neutral
342,2023-01-01,23486,2835.54,13.5,593,4.7,130,Swimming,Rain,Gym,Happy
152,2023-01-01,7101,3556.89,13.23,1364,9.8,104,Cycling,Fog,Home,Neutral
636,2023-01-01,16077,2786.42,9.61,547,10.6,162,Yoga,Fog,Gym,Stressed
657,2023-01-01,19715,3367.07,15.09,372,6.1,159,None,Rain,Other,Tired
650,2023-01-01,20769,1741.28,4.27,513,8.7,149,Swimming,Snow,Other,Stressed
576,2023-01-01,15501,2847.78,9.11,952,2.7,167,Swimming,Clear,Home,Happy
913,2023-01-01,25613,1726.98,10.47,915,11,178,Walking,Fog,Gym,Stressed
942,2023-01-01,8725,3527.22,9.73,478,6.5,122,Yoga,Snow,Office,Happy
267,2023-01-01,7802,2149.75,0.65,238,8.9,101,Walking,Clear,Office,Neutral
372,2023-01-01,19798,2462.4,13.69,185,0.3,124,Yoga,Fog,Park,Happy
841,2023-01-01,25376,2945.87,13.8,340,2,167,None,Rain,Gym,Stressed
85,2023-01-01,19758,3471.74,11.93,230,2.6,161,Yoga,Clear,Office,Neutral
810,2023-01-01,1803,3237.79,6.66,295,7.5,75,Cycling,Fog,Park,Happy
878,2023-01-01,11255,3113.04,10.95,303,2.6,136,Walking,Rain,Park,Stressed
988,2023-01-01,5170,3111.33,3.73,493,5.4,159,Cycling,Rain,Gym,Stressed
670,2023-01-01,28896,2146.16,15.58,906,9.5,111,Walking,Snow,Park,Happy
642,2023-01-01,23398,1508.97,10.8,1113,1.6,151,Yoga,Fog,Home,Tired
825,2023-01-01,17332,2160.72,0.92,1020,6.6,85,Swimming,Rain,Gym,Stressed
572,2023-01-01,3084,3385.66,16.76,157,5.5,113,Cycling,Fog,Park,Tired
948,2023-01-01,11841,2332.15,14.95,1002,2.8,100,"Gym Workout",Snow,Other,Neutral
107,2023-01-01,16555,2180.11,5,947,3.4,81,Yoga,Clear,Home,Neutral
874,2023-01-01,23735,2722.48,18.56,475,6.6,118,Yoga,Clear,Gym,Tired
496,2023-01-01,21646,3373.66,17.27,1299,7.4,108,Yoga,Snow,Park,Tired
258,2023-01-01,20596,1871.62,9.09,1360,2.4,79,Walking,Snow,Gym,Happy
428,2023-01-01,719,3359.47,5.25,766,2,175,"Gym Workout",Rain,Gym,Neutral
410,2023-01-01,12433,3228.42,13.03,1021,0.4,166,Yoga,Clear,Home,Neutral
127,2023-01-01,24811,3618.49,15.63,797,10.2,109,Cycling,Snow,Other,Happy
768,2023-01-01,28507,2841.49,2.76,369,10.2,97,Walking,Rain,Office,Neutral
653,2023-01-01,29772,2358.62,5.16,1380,6.8,124,Running,Snow,Home,Stressed
534,2023-01-01,27558,2087.73,10.01,729,10.2,118,Walking,Rain,Park,Neutral
147,2023-01-01,25209,3105.21,5.35,1116,10.6,122,Cycling,Snow,Home,Happy
711,2023-01-01,26531,2978.74,4.48,865,8.4,96,None,Clear,Home,Happy
571,2023-01-01,25839,2821.25,11.3,120,1.1,73,Yoga,Rain,Other,Neutral
525,2023-01-01,11702,3738.92,13,1123,5.4,71,Cycling,Snow,Park,Stressed
336,2023-01-01,17742,2362.89,3.07,743,6.8,175,Running,Rain,Gym,Neutral
487,2023-01-01,16141,3160.77,4.52,807,3.3,97,Walking,Rain,Other,Tired
389,2023-01-01,16260,1622.98,19.07,1128,3.3,112,"Gym Workout",Rain,Home,Happy
619,2023-01-01,1227,2795.25,17.71,762,9.3,110,Walking,Rain,Home,Stressed
185,2023-01-01,2830,1770.92,2.22,243,8.6,86,None,Clear,Other,Stressed
402,2023-01-01,6716,2856.75,9.03,621,10.5,90,"Gym Workout",Rain,Park,Tired
421,2023-01-01,1506,1700.53,1.39,2,5.6,144,Yoga,Clear,Home,Stressed
698,2023-01-01,12900,3796,19.27,1180,2.9,73,Yoga,Rain,Park,Happy
114,2023-01-01,27029,3410.52,12.32,720,1.7,164,Walking,Snow,Park,Tired
764,2023-01-01,3744,2064.09,17.53,834,2.6,170,None,Snow,Home,Happy
815,2023-01-01,1953,3297.57,5.12,1378,4.1,155,Yoga,Snow,Gym,Happy
976,2023-01-01,630,2070.36,1.26,561,11.8,145,Yoga,Rain,Park,Stressed
228,2023-01-01,3943,3130.3,14.4,958,5.4,63,Cycling,Fog,Office,Neutral
799,2023-01-01,9961,1821.21,5.91,544,10.2,80,Running,Fog,Gym,Happy
396,2023-01-01,1570,2486.28,19.56,291,5.4,82,Yoga,Fog,Other,Happy
791,2023-01-01,25590,3294.91,8.28,1288,1.7,71,Swimming,Snow,Office,Neutral
465,2023-01-01,29226,3584.67,7.55,1238,10.8,99,Cycling,Snow,Home,Neutral
398,2023-01-01,18184,3066.05,6.49,1057,3.2,176,Yoga,Clear,Office,Neutral
527,2023-01-01,26715,1969.23,17.25,552,5.1,136,Yoga,Snow,Other,Neutral
431,2023-01-01,18418,3090.43,14.16,55,3.7,99,None,Clear,Park,Stressed
220,2023-01-01,17877,2384.13,13.81,1426,10.9,82,Running,Snow,Home,Tired
496,2023-01-01,27637,1522.31,5.11,929,0.7,119,Walking,Snow,Park,Neutral
819,2023-01-01,4488,2726.69,18.94,437,2.1,86,Running,Clear,Park,Stressed
66,2023-01-01,19824,2900.22,16.12,1372,10.5,176,"Gym Workout",Clear,Park,Neutral
808,2023-01-01,7665,2784.92,13.07,437,3.6,132,Yoga,Fog,Other,Stressed
32,2023-01-01,16789,3878.62,13.99,1148,3.2,137,Swimming,Rain,Other,Tired
350,2023-01-01,28770,2025.87,0.58,944,10.5,75,Yoga,Clear,Home,Happy
439,2023-01-01,29382,1667.48,2.94,1164,9.9,96,Yoga,Snow,Other,Happy
361,2023-01-01,26009,2860.02,8,222,11.9,71,"Gym Workout",Rain,Office,Neutral
544,2023-01-01,7703,2594.67,16,861,0.9,101,Cycling,Clear,Park,Happy
702,2023-01-01,2025,2030.36,1.48,55,6.3,78,Running,Clear,Office,Neutral
617,2023-01-01,4508,3971.52,7.3,531,10.8,135,"Gym Workout",Fog,Park,Neutral
374,2023-01-01,15187,2121.9,5.82,857,7.2,153,Running,Snow,Park,Stressed
675,2023-01-01,3838,3074.31,19.6,69,2.2,92,Cycling,Clear,Office,Happy
403,2023-01-01,6543,2785.39,4.1,5,11.1,145,"Gym Workout",Rain,Home,Neutral
863,2023-01-01,21167,2117.49,7.3,1379,2.5,136,Running,Rain,Home,Neutral
89,2023-01-01,28992,2331.85,0.78,656,4.6,160,Running,Snow,Office,Happy
916,2023-01-01,12607,2211.29,12.04,729,6.7,124,None,Snow,Gym,Tired
820,2023-01-01,18921,3765.99,15.6,521,6.2,78,None,Fog,Other,Neutral
980,2023-01-01,21781,3487.84,17.44,950,11.7,124,Running,Clear,Gym,Stressed
756,2023-01-01,283,1564.66,14.47,118,2,61,Swimming,Rain,Park,Tired
845,2023-01-01,9244,3914.65,13.65,930,2.5,143,Yoga,Snow,Park,Stressed
540,2023-01-01,17372,2963.34,18.92,623,0,133,Yoga,Snow,Other,Stressed
373,2023-01-01,8779,1639.71,9.39,597,2.5,61,Running,Snow,Gym,Tired
702,2023-01-01,16482,3689.2,5.32,111,5.1,66,None,Rain,Gym,Neutral
780,2023-01-01,11905,1527.24,11.77,11,7.4,99,Running,Fog,Gym,Neutral
694,2023-01-01,12755,3868.94,16.67,216,10.6,120,Running,Clear,Other,Happy
305,2023-01-01,15483,1527.78,3.04,840,4.1,156,Cycling,Snow,Park,Tired
890,2023-01-01,18662,1849.02,11.21,912,4.6,153,Swimming,Clear,Home,Neutral
154,2023-01-01,4327,2027.53,1.8,724,4,108,Running,Snow,Other,Neutral
56,2023-01-01,13112,2200.05,10.81,410,3.7,96,None,Fog,Other,Neutral
792,2023-01-01,1697,3052.02,18.48,108,1,109,Swimming,Fog,Park,Stressed
654,2023-01-01,9039,3321.63,14.85,1389,2.3,79,Running,Clear,Park,Happy
875,2023-01-01,9759,2626.93,9.54,15,5.1,173,None,Clear,Home,Tired
103,2023-01-01,9429,2506.71,7.37,1031,10.7,127,"Gym Workout",Clear,Gym,Happy
540,2023-01-01,26541,2309.29,10.82,287,4.9,163,Running,Snow,Gym,Neutral
328,2023-01-01,19688,1718.51,4.26,572,8.4,118,Running,Rain,Office,Neutral
780,2023-01-01,27282,2551.21,16.95,2,2.4,160,Running,Fog,Park,Happy
106,2023-01-01,13531,2544.77,19.16,898,2.7,140,None,Clear,Office,Happy
845,2023-01-01,11613,2419.03,0.02,994,1.3,74,"Gym Workout",Fog,Park,Stressed
123,2023-01-01,6011,1637.41,2.12,229,10.7,162,Walking,Rain,Gym,Tired
306,2023-01-01,19882,3456.29,7.34,381,10.8,140,Yoga,Fog,Office,Neutral
877,2023-01-01,8512,3071.17,14.82,1327,7,110,None,Rain,Home,Happy
78,2023-01-01,24683,3490.43,16.16,562,10.4,137,Swimming,Clear,Home,Stressed
166,2023-01-01,13704,3633.13,13.21,891,11.3,78,"Gym Workout",Rain,Home,Tired
918,2023-01-01,15267,3937.38,3.28,565,11.1,137,"Gym Workout",Fog,Office,Neutral
589,2023-01-01,14146,3556.99,3.77,1142,10.8,157,Yoga,Fog,Other,Stressed
393,2023-01-01,21796,3438.34,5.34,685,7.1,74,Yoga,Snow,Home,Happy
551,2023-01-01,22457,2120.67,14.83,1042,9.1,80,Yoga,Snow,Park,Neutral
36,2023-01-01,24966,3639.12,8.86,10,6.7,146,Yoga,Snow,Gym,Neutral
944,2023-01-01,27731,3263.81,8.28,71,2.1,166,Running,Fog,Gym,Happy
38,2023-01-01,14195,3827.55,15.98,994,11.8,69,Running,Fog,Other,Stressed
156,2023-01-01,12755,3410.29,10.98,154,2.8,107,Yoga,Clear,Home,Happy
999,2023-01-01,6631,1823.08,2.2,1201,9,156,Walking,Fog,Office,Tired
952,2023-01-01,20901,1638.19,13.12,64,8.8,99,Running,Rain,Home,Neutral
76,2023-01-01,13512,2354.89,8.49,185,0.2,79,Swimming,Snow,Park,Happy
682,2023-01-01,15808,1930,13.54,397,4.4,161,Yoga,Snow,Home,Happy
160,2023-01-01,28724,2739.33,7.06,552,0.6,116,None,Clear,Gym,Stressed
809,2023-01-01,7800,2354.67,17.6,1140,10.6,170,None,Rain,Office,Neutral
16,2023-01-01,15059,3764.37,14.08,78,6.2,74,"Gym Workout",Snow,Park,Stressed
291,2023-01-01,13021,3856.96,14.74,1402,6.7,80,None,Snow,Office,Tired
166,2023-01-01,9941,3229.6,10.58,858,0.5,75,Cycling,Rain,Other,Happy
581,2023-01-01,18270,2481.86,13.92,466,4.5,167,Running,Clear,Office,Tired
723,2023-01-01,12474,3306.19,9.18,282,11.9,132,"Gym Workout",Snow,Home,Happy
780,2023-01-01,7957,3867.62,15.27,1134,1.6,108,Walking,Rain,Park,Happy
159,2023-01-01,26986,2367.8,11.6,878,9.3,115,"Gym Workout",Rain,Home,Tired
537,2023-01-01,101,3291.66,7.24,944,4.3,81,Walking,Clear,Home,Tired
933,2023-01-01,17446,2324.51,8.49,943,1.6,81,None,Fog,Gym,Neutral
430,2023-01-01,10399,2371.46,17.77,384,0.3,111,Cycling,Clear,Home,Tired
167,2023-01-01,21711,3334.28,12.03,260,5,62,None,Snow,Other,Stressed
750,2023-01-01,6738,2704.09,2.87,0,0.6,108,Cycling,Fog,Home,Stressed
839,2023-01-01,16928,2455.45,14.88,929,0.5,90,Walking,Rain,Home,Tired
118,2023-01-01,995,2254.38,14.08,582,4.7,95,"Gym Workout",Clear,Park,Neutral
35,2023-01-01,27404,2593.76,12.73,891,0.7,146,Yoga,Fog,Office,Tired
174,2023-01-01,9811,3593.41,13.65,438,6.7,135,Cycling,Clear,Gym,Stressed
922,2023-01-01,264,3627.15,8.14,1294,5.4,104,Swimming,Fog,Other,Happy
577,2023-01-01,2666,1808.78,6.05,142,1,87,Swimming,Rain,Gym,Tired
701,2023-01-01,9195,3728.46,7.28,726,0.6,167,Walking,Clear,Office,Neutral
302,2023-01-01,15677,3140.76,4.49,936,7.4,175,None,Snow,Home,Neutral
40,2023-01-01,7389,1852.74,2.49,1386,4.8,152,Swimming,Snow,Office,Tired
415,2023-01-01,21485,2239.33,0.11,454,9.1,109,Yoga,Rain,Gym,Neutral
304,2023-01-01,14584,1711.32,1.61,246,8.1,179,None,Fog,Home,Happy
774,2023-01-01,10838,1677,12.15,1178,11.4,89,None,Snow,Park,Stressed
911,2023-01-01,3752,3461.76,5.47,878,7.6,123,Cycling,Clear,Park,Tired
908,2023-01-01,28082,2250.82,19.68,413,1.6,171,Cycling,Rain,Other,Happy
551,2023-01-01,15742,3194.14,19.2,797,6.8,179,Yoga,Fog,Home,Stressed
112,2023-01-01,11642,3731.86,13.12,287,2.4,71,Swimming,Snow,Home,Happy
418,2023-01-01,15504,2397.51,13.31,1258,3.8,126,Walking,Snow,Park,Happy
834,2023-01-01,29748,2373.46,14.65,96,9,150,Walking,Rain,Home,Happy
156,2023-01-01,19436,3707.55,2.9,1333,4.1,157,Running,Rain,Home,Stressed
669,2023-01-01,18618,3766.24,6.13,334,7,72,Yoga,Clear,Gym,Tired
670,2023-01-01,11274,2684.03,4.81,794,0.4,152,Walking,Rain,Gym,Neutral
98,2023-01-01,14857,3712.06,1.5,77,5,89,Swimming,Fog,Home,Neutral
387,2023-01-01,22971,1859.25,17.29,1103,6.7,165,Swimming,Snow,Park,Neutral
687,2023-01-01,10996,1837.15,14.05,842,5.4,123,None,Snow,Gym,Happy
650,2023-01-01,22701,3425.5,11.83,155,2.6,125,Cycling,Fog,Home,Neutral
944,2023-01-01,5305,1651.34,2.32,505,5.1,149,None,Clear,Office,Neutral
4,2023-01-01,8836,2552.74,7.35,1436,7.8,127,Yoga,Fog,Gym,Stressed
389,2023-01-01,13373,3756.83,17.98,186,5.4,89,Running,Clear,Office,Stressed
962,2023-01-01,6234,3815.08,17.8,973,4.2,113,Swimming,Clear,Home,Stressed
91,2023-01-01,15387,1942.64,1.61,1010,4.9,168,Swimming,Fog,Other,Happy
559,2023-01-01,18453,3780.12,7.02,306,9.7,65,Running,Rain,Park,Stressed
975,2023-01-01,2370,2951.96,17.39,669,9.5,162,Cycling,Snow,Home,Tired
818,2023-01-01,18497,1540.22,7.72,508,1.9,173,Cycling,Rain,Home,Neutral
380,2023-01-01,13145,3184.77,0.45,712,9.4,141,Swimming,Snow,Other,Tired
446,2023-01-01,29695,3585.04,16.63,1154,8.5,119,Cycling,Rain,Gym,Stressed
728,2023-01-01,8019,2108.99,13.12,1231,11,165,Yoga,Fog,Home,Tired
361,2023-01-01,17567,3852.4,15.2,418,2,90,Cycling,Rain,Park,Neutral
944,2023-01-01,20566,3512.53,9.41,165,1.5,95,None,Snow,Other,Happy
562,2023-01-01,18857,3495.82,2.97,1035,8,136,None,Rain,Other,Stressed
431,2023-01-01,8328,1834.59,2.67,590,5.2,60,Yoga,Clear,Park,Tired
715,2023-01-01,28777,3425.53,3.77,243,6.2,105,Swimming,Clear,Home,Stressed
762,2023-01-01,24470,2253.18,12.13,1283,0.3,148,Yoga,Fog,Office,Stressed
862,2023-01-01,20040,2919.5,8.03,1213,9.2,85,Yoga,Clear,Home,Tired
9,2023-01-01,12645,3748.22,7.5,478,11.3,93,Swimming,Rain,Gym,Happy
553,2023-01-01,28089,1513.18,12.99,399,6.2,88,Cycling,Fog,Park,Happy
820,2023-01-01,8581,1590.18,5.95,1235,7.3,147,Swimming,Clear,Park,Neutral
497,2023-01-01,15043,2829.44,18.68,1005,7.3,148,Running,Rain,Gym,Stressed
515,2023-01-01,26890,3555.13,0.51,1055,5.1,113,Running,Rain,Home,Tired
329,2023-01-01,9056,1510.69,16.43,1067,2.9,99,None,Fog,Park,Neutral
250,2023-01-01,14404,2735.51,5.37,543,11.9,169,Running,Rain,Home,Neutral
821,2023-01-01,21555,2908.23,14.6,429,5.6,147,Running,Fog,Home,Tired
683,2023-01-01,15685,3482.84,6.11,537,5.3,139,Running,Snow,Office,Stressed
914,2023-01-01,631,2439.23,4.98,643,7,131,Swimming,Rain,Home,Stressed
260,2023-01-01,22492,3122.43,3.54,414,6,151,Walking,Fog,Office,Neutral
806,2023-01-01,7964,2617.37,11.75,284,8.7,124,Swimming,Snow,Office,Tired
153,2023-01-01,15751,2327.71,16.56,36,0.4,77,Cycling,Fog,Other,Neutral
275,2023-01-01,18714,3763.62,1.28,763,7.2,91,Yoga,Rain,Park,Tired
268,2023-01-01,662,3372.32,8.24,483,5.7,176,Swimming,Rain,Gym,Tired
490,2023-01-01,16246,1585.62,15.3,1168,0.7,92,Swimming,Clear,Home,Stressed
632,2023-01-01,21907,3383.35,14.5,514,2.3,132,Walking,Snow,Other,Happy
349,2023-01-01,11367,3851.33,17.53,238,7.1,161,"Gym Workout",Fog,Home,Tired
577,2023-01-01,5982,2075.24,16.6,903,9.1,80,None,Rain,Office,Tired
467,2023-01-01,14970,3539.39,10.23,905,5.6,177,None,Snow,Other,Happy
386,2023-01-01,5928,2697.03,13.23,1213,11.8,178,Cycling,Clear,Home,Stressed
740,2023-01-01,26282,3583.07,5.99,773,9.9,122,"Gym Workout",Clear,Gym,Happy
97,2023-01-01,12215,3342.83,6.27,281,2.4,117,Swimming,Clear,Park,Neutral
216,2023-01-01,12007,2625.28,1.04,406,9.2,137,Swimming,Snow,Office,Happy
74,2023-01-01,15310,2914.83,8.11,117,8.9,141,Running,Clear,Other,Stressed
656,2023-01-01,14199,1523.84,4.24,788,0.5,177,Yoga,Snow,Gym,Neutral
440,2023-01-01,17064,2588.49,6.31,1287,5.7,158,Walking,Clear,Gym,Neutral
653,2023-01-01,19017,2376.34,5.68,1249,11.8,116,"Gym Workout",Fog,Home,Tired
985,2023-01-01,16385,3472.38,9,624,5.3,167,None,Rain,Other,Happy
828,2023-01-01,18750,1560.43,13.07,217,2.3,104,Swimming,Fog,Home,Stressed
131,2023-01-01,1913,2919.13,14.32,975,9.5,142,"Gym Workout",Fog,Office,Neutral
686,2023-01-01,10753,1642.29,6.46,372,7.9,119,Walking,Clear,Gym,Tired
751,2023-01-01,20107,2658.63,11.25,581,7.5,63,Walking,Snow,Office,Happy
869,2023-01-01,27655,3837.27,0.02,463,10.4,178,Yoga,Fog,Park,Happy
921,2023-01-01,10056,1837.53,4.96,326,9.7,98,Running,Snow,Gym,Happy
627,2023-01-01,20580,2587.76,7.34,169,9,103,Yoga,Snow,Gym,Stressed
277,2023-01-01,27002,1869.59,17.91,1308,9.9,117,None,Clear,Park,Neutral
357,2023-01-01,10648,2263.89,12.42,847,6.6,102,Running,Rain,Gym,Happy
308,2023-01-01,13511,3961.31,18.65,1118,8.1,113,Yoga,Snow,Park,Neutral
379,2023-01-01,20321,3319.46,1.93,1020,4.2,132,None,Rain,Other,Neutral
445,2023-01-01,10941,1701.2,17.06,564,7,82,"Gym Workout",Rain,Office,Tired
826,2023-01-01,9177,3699.13,16.12,47,6.8,161,Running,Clear,Gym,Happy
635,2023-01-01,8728,2510.93,1.66,745,6.5,112,Cycling,Rain,Park,Stressed
78,2023-01-01,25501,3791.48,2.99,1349,4.7,108,Walking,Rain,Gym,Happy
220,2023-01-01,19462,1568.86,13.62,617,5,97,Swimming,Rain,Home,Neutral
678,2023-01-01,7497,3375.48,14.76,581,1.8,65,Running,Clear,Other,Neutral
168,2023-01-01,26354,3410.67,5.11,222,2.1,153,None,Clear,Home,Tired
29,2023-01-01,3519,2196.16,17.03,174,6.2,155,"Gym Workout",Rain,Park,Neutral
964,2023-01-01,2235,2302.55,7.79,757,1,84,Swimming,Clear,Park,Tired
751,2023-01-01,931,2568.15,3.92,1360,9.2,88,Yoga,Clear,Home,Neutral
487,2023-01-01,10341,2264.78,13.5,1248,11.7,178,Walking,Rain,Gym,Neutral
69,2023-01-01,3193,3284.31,7.14,488,1,76,Yoga,Clear,Home,Stressed
823,2023-01-01,7759,2227.77,16.83,981,6.6,76,None,Snow,Office,Neutral
975,2023-01-01,22002,3412.73,12.66,1310,11.9,169,Running,Fog,Gym,Tired
902,2023-01-01,27147,2507.19,4.89,668,4.8,74,Walking,Fog,Other,Happy
385,2023-01-01,6636,3746.27,10.37,254,9.8,80,None,Fog,Home,Happy
644,2023-01-01,18214,3608.03,9.24,591,10.9,94,Cycling,Snow,Home,Tired
83,2023-01-01,24079,1520.11,14.46,590,5.1,61,Swimming,Snow,Park,Happy
677,2023-01-01,25799,3664.17,5.02,1148,10.6,79,Walking,Fog,Office,Happy
493,2023-01-01,1630,3307.03,5.77,21,3.9,120,Cycling,Clear,Home,Tired
880,2023-01-01,20028,2786.56,11.81,91,1.6,71,Cycling,Clear,Other,Happy
713,2023-01-01,9102,2392.66,9.05,1425,7.9,125,Walking,Snow,Park,Happy
189,2023-01-01,23655,3634.3,2.33,890,6.3,154,Walking,Snow,Park,Tired
740,2023-01-01,1222,3103.78,10.5,141,9.2,63,None,Rain,Other,Happy
900,2023-01-01,14200,3578.62,10.61,800,6.5,157,None,Snow,Park,Tired
188,2023-01-01,3627,2620.5,4.8,1288,6.4,120,Cycling,Clear,Home,Happy
29,2023-01-01,13896,2454.06,19.7,346,4.1,106,Walking,Fog,Home,Neutral
839,2023-01-01,27425,2419.13,10.22,1365,3.6,132,Yoga,Rain,Gym,Neutral
767,2023-01-01,2493,3018.51,19.42,1196,6.2,142,None,Rain,Park,Tired
936,2023-01-01,7899,3331.06,12.03,618,6.8,153,Cycling,Snow,Gym,Stressed
183,2023-01-01,12368,2490.77,16.51,58,7.5,112,Walking,Fog,Park,Stressed
318,2023-01-01,15019,3593.78,14.62,1126,2.4,133,"Gym Workout",Clear,Park,Stressed
924,2023-01-01,29038,3676,12.17,773,5,63,Swimming,Fog,Office,Stressed
542,2023-01-01,9326,1976.22,4.17,520,10.7,124,"Gym Workout",Fog,Home,Stressed
578,2023-01-01,20860,3673.68,8.98,775,3.3,124,Cycling,Fog,Park,Happy
227,2023-01-01,8161,3465.16,16.64,881,9.5,85,"Gym Workout",Rain,Office,Tired
446,2023-01-01,28214,2914.26,3.86,1004,1.7,86,Walking,Snow,Home,Happy
178,2023-01-01,6593,2992.29,4.46,303,3,163,"Gym Workout",Rain,Gym,Neutral
664,2023-01-01,6410,3298.22,4.93,197,1.1,84,None,Snow,Other,Happy
303,2023-01-01,20881,2841.15,8.81,989,3.4,179,"Gym Workout",Clear,Home,Stressed
975,2023-01-01,11813,2200.34,9.67,306,0.8,86,"Gym Workout",Clear,Park,Happy
350,2023-01-01,27365,2866.86,15.37,472,4,61,Walking,Fog,Gym,Stressed
589,2023-01-01,17808,2941.04,1.86,1264,7,91,Swimming,Rain,Other,Tired
285,2023-01-01,18487,2101.09,13.78,1131,6.1,120,Yoga,Rain,Home,Neutral
287,2023-01-01,4515,2809.91,12.13,1237,9.8,129,"Gym Workout",Rain,Office,Stressed
44,2023-01-01,21507,3381.95,11.03,1016,6.4,83,Running,Fog,Home,Neutral
768,2023-01-01,17776,2226.37,0.71,973,2.5,143,Cycling,Snow,Office,Stressed
505,2023-01-01,17701,2490.1,16.39,377,0.9,178,Walking,Fog,Other,Tired
370,2023-01-01,5105,3004.68,15.53,677,2.7,159,None,Clear,Office,Tired
346,2023-01-01,17629,2581.71,17.19,743,9.8,177,None,Clear,Park,Tired
217,2023-01-01,21470,2661.92,17.64,421,5.2,126,Yoga,Rain,Gym,Tired
483,2023-01-01,15229,3238.96,19.41,1072,11.1,143,Cycling,Rain,Gym,Neutral
409,2023-01-01,1053,2586.1,8.24,1047,1.1,177,Swimming,Rain,Home,Happy
163,2023-01-01,8813,2052.88,14.83,473,5.8,100,Walking,Clear,Gym,Tired
500,2023-01-01,1457,3137.66,9.11,1136,7.8,96,Running,Fog,Gym,Happy
34,2023-01-01,18579,3960.32,15.86,711,2.4,107,None,Fog,Other,Neutral
548,2023-01-01,10594,3657.46,0.68,1045,1.7,74,Cycling,Clear,Park,Happy
723,2023-01-01,24135,2993.72,4.37,897,2,77,Walking,Snow,Park,Stressed
590,2023-01-01,20738,2231.11,14.51,3,3.5,69,Cycling,Fog,Park,Tired
844,2023-01-01,9346,2132.36,9.95,1284,0.5,107,Running,Rain,Home,Neutral
314,2023-01-01,10569,1998.48,15.89,340,6.2,145,None,Rain,Gym,Tired
264,2023-01-01,29360,1567.14,16.95,816,11.4,80,Swimming,Snow,Other,Happy
839,2023-01-01,6422,3019.5,9.76,1296,3.7,128,None,Rain,Office,Tired
272,2023-01-01,3070,2876.91,12.97,1119,9,65,"Gym Workout",Rain,Other,Tired
441,2023-01-01,19948,3447.28,11.97,155,1.7,163,None,Rain,Park,Tired
369,2023-01-01,5754,3570.14,14.7,578,2.6,128,Running,Clear,Park,Neutral
680,2023-01-01,16365,3859.1,1.31,137,11.7,62,None,Clear,Office,Neutral
577,2023-01-01,3015,3526.01,2.17,874,10.7,145,Running,Fog,Home,Stressed
672,2023-01-01,21424,2943.52,3.72,660,0.9,159,Walking,Snow,Home,Stressed
612,2023-01-01,20635,1858.48,10.87,1345,9.7,155,Running,Fog,Park,Tired
929,2023-01-01,25669,3804.18,14.13,754,3.2,168,Cycling,Snow,Home,Tired
440,2023-01-01,18487,2209,17.96,780,8.3,130,Walking,Rain,Park,Tired
743,2023-01-01,3069,2917.91,14.86,1070,7.8,171,Swimming,Snow,Gym,Neutral
414,2023-01-01,18724,3404.98,0.93,571,2.2,156,Swimming,Clear,Home,Tired
775,2023-01-01,1948,2490.6,15.82,1179,10.3,144,Cycling,Fog,Office,Stressed
185,2023-01-01,18622,2095.72,2.52,976,10.8,153,Yoga,Rain,Park,Happy
749,2023-01-01,22925,3196.12,18.35,444,10.1,114,Running,Snow,Office,Happy
420,2023-01-01,19503,3906.31,15.33,546,6.1,81,Cycling,Snow,Park,Neutral
304,2023-01-01,11300,3466.23,14.01,350,2.3,91,"Gym Workout",Fog,Other,Happy
175,2023-01-01,18504,3512.46,17.47,236,9.3,116,"Gym Workout",Snow,Home,Tired
450,2023-01-01,21869,3614.79,12.98,1351,5.8,77,Cycling,Fog,Home,Tired
871,2023-01-01,24460,3259.36,0.47,948,2.4,105,Yoga,Fog,Park,Stressed
919,2023-01-01,12534,3718.83,8.94,1138,8.1,155,"Gym Workout",Rain,Home,Happy
560,2023-01-01,20428,2573.6,2.9,1208,11.5,96,Swimming,Fog,Gym,Neutral
194,2023-01-01,22323,2183.48,6.86,396,4.9,105,Cycling,Clear,Other,Stressed
818,2023-01-01,23103,3580.39,14.01,122,0.2,62,Walking,Fog,Home,Happy
214,2023-01-01,6202,2484.79,18.6,359,7.9,75,Cycling,Fog,Office,Tired
647,2023-01-01,15963,2603.85,1.45,974,6.1,79,Yoga,Snow,Gym,Neutral
55,2023-01-01,27117,3505.95,13.32,47,8.4,84,Running,Rain,Gym,Tired
574,2023-01-01,12564,2872.47,10.33,551,8.8,93,Running,Rain,Other,Tired
97,2023-01-01,10026,3302.12,2.61,401,11.2,121,Running,Clear,Home,Happy
421,2023-01-01,6021,3271.1,9.95,1089,5.5,67,Yoga,Snow,Gym,Happy
498,2023-01-01,4228,3403.93,10.19,1188,6.7,82,Walking,Clear,Park,Neutral
143,2023-01-01,29749,3420.48,7.14,136,1.7,123,Cycling,Fog,Park,Happy
844,2023-01-01,28953,3932.75,18.09,317,11.3,131,Swimming,Fog,Other,Tired
861,2023-01-01,28608,3010.12,6.18,840,8.9,65,None,Fog,Other,Happy
758,2023-01-01,7460,3502.55,10.48,1157,10.7,141,Walking,Fog,Home,Tired
418,2023-01-01,29406,2571.79,0.75,1387,10.9,112,Cycling,Clear,Office,Happy
336,2023-01-01,13224,1626.29,13.02,894,3.2,87,Walking,Snow,Office,Happy
537,2023-01-01,25884,1796.98,12.62,997,3.6,167,"Gym Workout",Fog,Gym,Neutral
140,2023-01-01,28712,3650.21,7.14,124,7.1,124,Running,Rain,Office,Tired
429,2023-01-01,11294,2347.68,12.58,1399,2.3,109,"Gym Workout",Rain,Gym,Stressed
537,2023-01-01,3642,2398.26,16.99,107,9.9,77,Swimming,Clear,Office,Neutral
334,2023-01-01,5944,3084.98,6.88,1292,3.2,98,Swimming,Snow,Home,Stressed
448,2023-01-01,10725,1837.97,3.48,196,2.6,162,None,Rain,Gym,Neutral
725,2023-01-01,6205,2667.11,1.17,662,0.4,70,Cycling,Rain,Home,Happy
498,2023-01-01,12226,3572.24,14.69,340,8.2,175,"Gym Workout",Rain,Park,Happy
982,2023-01-01,2350,3679.45,7.78,714,2.5,103,Running,Rain,Home,Tired
688,2023-01-01,8400,2521.07,16.73,761,11.4,163,Cycling,Rain,Home,Stressed
252,2023-01-01,9731,3653.43,2.39,332,0,165,None,Rain,Other,Happy
740,2023-01-01,3774,3924.6,4.14,1191,7.6,128,None,Rain,Office,Neutral
158,2023-01-01,2570,3638.77,13.83,751,7,67,Swimming,Fog,Park,Stressed
977,2023-01-01,20764,2759.12,8.79,310,10.2,156,Yoga,Fog,Home,Stressed
231,2023-01-01,19468,3685.74,12.11,766,3.5,178,Swimming,Fog,Gym,Happy
768,2023-01-01,13651,3547.81,9.96,1257,3.8,175,None,Clear,Office,Stressed
472,2023-01-01,20134,3103.12,7.82,526,7.2,124,Running,Clear,Other,Tired
21,2023-01-01,1447,3887.93,10.39,630,3,143,Walking,Rain,Other,Happy
714,2023-01-01,14970,1926.36,2.24,350,9.1,153,Yoga,Rain,Home,Neutral
600,2023-01-01,27786,1815.44,16.26,449,2.8,155,"Gym Workout",Fog,Other,Happy
528,2023-01-01,15350,2132.47,3.03,1370,1.3,74,None,Fog,Gym,Tired
486,2023-01-01,10941,3537.82,17.44,456,11.5,138,Running,Rain,Gym,Happy
176,2023-01-01,22117,2357.28,8.52,1217,8.7,158,Cycling,Snow,Home,Happy
429,2023-01-01,28861,2715.44,7.53,703,2.2,64,None,Snow,Gym,Stressed
721,2023-01-01,16173,2978.81,10.86,588,11,77,"Gym Workout",Snow,Office,Stressed
369,2023-01-01,118,1687.03,15.6,1311,5.7,99,Swimming,Fog,Home,Happy
938,2023-01-01,448,1963.27,11.73,42,10.4,133,Swimming,Rain,Park,Stressed
442,2023-01-01,22833,3970.8,12.66,278,1.3,155,Running,Fog,Other,Happy
368,2023-01-01,17360,1524.8,12.82,430,11.8,122,Cycling,Rain,Home,Tired
30,2023-01-01,5284,2099.56,13.07,1195,0.9,139,Walking,Clear,Other,Stressed
786,2023-01-01,6479,2806.13,15.26,1089,0.6,105,Yoga,Clear,Office,Neutral
959,2023-01-01,6320,1502.64,19.19,1231,1.5,60,Walking,Fog,Gym,Neutral
945,2023-01-01,17739,2601.87,16.39,503,4.3,149,Cycling,Clear,Office,Neutral
969,2023-01-01,9763,2765.49,8.12,201,11.1,111,Walking,Snow,Home,Stressed
148,2023-01-01,3431,2342.5,11.49,426,3,62,None,Snow,Park,Stressed
226,2023-01-01,18749,3530.39,17.55,193,4.7,165,Yoga,Rain,Other,Tired
37,2023-01-01,1426,3344.41,16.81,407,8.4,132,"Gym Workout",Clear,Gym,Stressed
940,2023-01-01,22737,1608.96,16.18,19,2.5,158,Running,Fog,Office,Tired
610,2023-01-01,5216,2169.63,8.09,1412,5.9,102,"Gym Workout",Clear,Home,Neutral
445,2023-01-01,4526,2151.28,10.35,817,4,163,"Gym Workout",Clear,Gym,Tired
438,2023-01-01,2667,1728.91,15.85,1349,1.2,170,Yoga,Snow,Office,Neutral
578,2023-01-01,909,1586.55,7.35,272,2.4,179,Cycling,Fog,Home,Happy
636,2023-01-01,29136,2211.44,8.86,1159,5.5,108,Cycling,Rain,Gym,Neutral
260,2023-01-01,13788,2004.98,15.93,1040,5.1,178,Running,Snow,Other,Happy
120,2023-01-01,17896,3064.94,5.11,902,1.3,89,"Gym Workout",Fog,Office,Neutral
212,2023-01-01,4254,1890.06,3.66,605,11.9,175,Swimming,Rain,Office,Tired
56,2023-01-01,21550,3759.77,19.29,620,4.9,70,Running,Fog,Office,Stressed
20,2023-01-01,24476,2598.45,18.1,1415,3.5,149,Yoga,Rain,Other,Stressed
227,2023-01-01,17562,3451.19,13.26,1037,0.2,104,None,Clear,Office,Happy
139,2023-01-01,17215,2571.67,1.37,2,1.7,69,Cycling,Snow,Gym,Happy
221,2023-01-01,24478,1973.66,13.77,1254,0.5,176,Yoga,Clear,Gym,Neutral
744,2023-01-01,28799,3057.42,10.03,367,8.3,163,Walking,Clear,Office,Happy
458,2023-01-01,4366,3536.94,10.85,84,8,177,Cycling,Fog,Other,Happy
648,2023-01-01,11778,2353.17,17.44,817,11.5,119,Cycling,Snow,Office,Happy
924,2023-01-01,29796,2118.85,13.9,58,10,82,Running,Rain,Home,Happy
988,2023-01-01,23688,3737.05,15.95,939,4.3,157,Running,Snow,Home,Neutral
796,2023-01-01,27778,3327.52,6.68,942,8.5,83,Swimming,Clear,Office,Happy
583,2023-01-01,633,2366.39,9.24,995,1.3,172,Cycling,Clear,Other,Neutral
229,2023-01-01,17292,3904.65,14.35,1223,9.5,96,Swimming,Rain,Office,Neutral
473,2023-01-01,4838,1774.71,15.56,952,0.5,157,None,Snow,Gym,Tired
756,2023-01-01,7027,2342.92,11.94,1193,11.4,104,"Gym Workout",Clear,Gym,Happy
862,2023-01-01,3482,2366.9,13.05,759,5.2,80,"Gym Workout",Clear,Office,Stressed
555,2023-01-01,9610,1901.66,8.83,1347,8.5,83,Yoga,Snow,Park,Neutral
29,2023-01-01,27865,3033.12,19.16,238,11.1,124,Cycling,Clear,Park,Tired
459,2023-01-01,8172,1504.07,17.38,1207,0.8,143,Cycling,Fog,Home,Happy
303,2023-01-01,16990,1717.38,0.42,1270,11.9,130,Cycling,Rain,Office,Neutral
259,2023-01-01,14816,2871.51,13.52,628,7,157,Yoga,Rain,Park,Stressed
19,2023-01-01,11476,1887.38,19.35,412,3,161,Walking,Clear,Home,Tired
396,2023-01-01,35,1696.92,4.7,1019,0.9,154,Yoga,Snow,Office,Neutral
83,2023-01-01,21183,2643.12,5,339,4.5,143,Running,Fog,Office,Happy
663,2023-01-01,9190,2686.56,16.8,483,8.5,72,Yoga,Fog,Other,Tired
157,2023-01-01,21308,2107.95,7.99,1024,4.2,140,None,Rain,Office,Neutral
543,2023-01-01,17687,3515,17.41,1136,2,157,Swimming,Snow,Other,Tired
364,2023-01-01,9468,3712.98,7.09,218,0.1,103,"Gym Workout",Clear,Office,Tired
250,2023-01-01,16838,2190.02,2.43,1097,3.4,105,None,Fog,Office,Neutral
637,2023-01-01,3361,3450.55,14.87,545,4.6,163,Cycling,Fog,Office,Happy
275,2023-01-01,22861,1583.38,17.06,1225,1.6,60,Swimming,Fog,Gym,Tired
552,2023-01-01,9089,1554.91,12.08,734,9.2,165,Running,Clear,Gym,Happy
487,2023-01-01,1771,3828.32,16.41,118,4.7,129,Walking,Snow,Park,Happy
990,2023-01-01,27597,2182.4,0.99,234,9.2,115,None,Fog,Other,Tired
694,2023-01-01,25438,3068.07,14.23,514,4.2,65,Walking,Fog,Gym,Happy
939,2023-01-01,18359,1786.68,3.93,287,5.7,158,Walking,Clear,Home,Neutral
632,2023-01-01,19857,2691.7,11.22,1252,1.1,148,Yoga,Snow,Park,Tired
325,2023-01-01,11513,3355.76,16.68,1110,7.4,139,Yoga,Clear,Office,Stressed
187,2023-01-01,13000,3416.44,8.7,252,5.4,167,Running,Snow,Office,Neutral
124,2023-01-01,29796,3762.49,8.76,682,0.7,72,Walking,Clear,Other,Happy
181,2023-01-01,17834,2743.05,9.15,1273,9.5,74,Walking,Snow,Office,Happy
286,2023-01-01,23275,2900.87,11.01,918,2.5,64,None,Snow,Park,Tired
979,2023-01-01,1273,2706.8,10.56,1012,11.5,138,None,Clear,Office,Happy
843,2023-01-01,167,2135.04,2.02,792,0.6,96,Running,Clear,Gym,Neutral
692,2023-01-01,5554,3244.46,11.93,541,5.3,162,Yoga,Rain,Office,Happy
234,2023-01-01,1698,1957.24,5.35,563,11.2,135,Walking,Fog,Office,Stressed
276,2023-01-01,12423,1745.92,14.36,817,0.5,135,Walking,Clear,Other,Happy
223,2023-01-01,16126,3991.8,7.39,818,1.6,76,"Gym Workout",Clear,Gym,Tired
776,2023-01-01,5567,1569.99,18.39,144,0.3,95,Swimming,Snow,Gym,Tired
515,2023-01-01,29939,2351.68,4.9,27,0.8,78,None,Fog,Gym,Neutral
972,2023-01-01,21039,2097.78,1.29,967,9,69,Cycling,Fog,Home,Happy
856,2023-01-01,19588,2592.02,3.42,970,7.4,125,Yoga,Fog,Park,Neutral
613,2023-01-01,1150,3278.72,16.97,1177,6.7,72,Cycling,Clear,Other,Stressed
849,2023-01-01,25288,3608.07,6.9,395,9.4,78,Swimming,Clear,Home,Stressed
30,2023-01-01,5811,3376.83,11.12,653,8.5,172,Walking,Clear,Park,Tired
305,2023-01-01,1334,2276.29,15.71,1229,11.4,146,Cycling,Clear,Park,Tired
433,2023-01-01,16008,3929.24,5.33,569,7.2,86,Walking,Fog,Park,Happy
760,2023-01-01,24124,2020.01,7.54,79,1.7,159,"Gym Workout",Clear,Home,Stressed
260,2023-01-01,3410,1648.04,16.15,1278,10.2,82,Walking,Snow,Other,Tired
267,2023-01-01,10996,1662.72,4.37,1405,8.5,101,Swimming,Snow,Gym,Neutral
615,2023-01-01,2191,2506.11,11.08,970,7.5,98,Running,Clear,Park,Stressed
2,2023-01-01,953,1787.73,14.04,454,2,76,"Gym Workout",Clear,Gym,Happy
607,2023-01-01,19722,1901.06,14.37,1116,8.3,131,Running,Fog,Park,Neutral
12,2023-01-01,16077,1533.08,0.91,479,6.5,96,Cycling,Rain,Gym,Stressed
2,2023-01-01,3383,2861.2,3.99,932,0.1,134,None,Fog,Home,Tired
25,2023-01-01,5293,2118.83,0.81,913,7.5,102,Swimming,Snow,Office,Happy
37,2023-01-01,22859,3876.9,4.06,247,9.2,90,Cycling,Clear,Other,Neutral
958,2023-01-01,28541,2345.14,11.96,1296,1.1,103,Cycling,Snow,Office,Neutral
165,2023-01-01,14724,1863.22,3.55,311,11.6,71,Swimming,Rain,Gym,Neutral
623,2023-01-01,14384,2738.31,18.82,427,9.6,169,Swimming,Clear,Other,Stressed
714,2023-01-01,7352,2243.8,3.14,1216,0.6,61,Running,Clear,Office,Happy
63,2023-01-01,25410,2960.14,19.91,1277,8.9,154,None,Fog,Gym,Stressed
159,2023-01-01,21677,3420.35,11.93,1396,9.5,158,Swimming,Rain,Office,Stressed
377,2023-01-01,29013,2810.09,8.93,882,1,106,Running,Rain,Office,Stressed
827,2023-01-01,11249,2420.41,1.18,1190,9.3,84,Running,Snow,Office,Happy
468,2023-01-01,29237,3285.3,7.19,512,0.3,159,Swimming,Snow,Office,Stressed
406,2023-01-01,16874,3600.97,6.97,90,0.9,177,"Gym Workout",Fog,Office,Neutral
267,2023-01-01,22231,2654.66,17.1,996,0.2,160,Running,Snow,Other,Happy
562,2023-01-01,17718,2060.42,16.37,393,7.1,134,Swimming,Clear,Gym,Neutral
77,2023-01-01,3743,2118.13,18.88,1096,2.1,102,None,Clear,Park,Stressed
827,2023-01-01,21697,2333.16,9.16,476,6.5,137,Running,Clear,Park,Stressed
725,2023-01-01,21881,3031.23,3.88,568,9.2,128,Walking,Snow,Gym,Happy
652,2023-01-01,10853,3495.56,16.62,389,10.3,142,None,Fog,Office,Stressed
151,2023-01-01,19627,2217.77,4.95,1001,3.3,164,Swimming,Rain,Other,Tired
93,2023-01-01,5817,2174.54,10.94,561,5.9,85,Running,Rain,Home,Tired
751,2023-01-01,20988,2074.56,2.95,802,5.9,148,Yoga,Rain,Office,Tired
608,2023-01-01,8360,3013.73,7.3,301,0.8,142,Yoga,Clear,Office,Neutral
338,2023-01-01,7312,1653.94,19.74,675,0.7,123,"Gym Workout",Clear,Gym,Stressed
466,2023-01-01,463,2936.41,11.19,1162,6.1,96,Swimming,Fog,Other,Happy
141,2023-01-01,7174,2478.03,1.01,1328,7.8,95,Running,Rain,Office,Stressed
701,2023-01-01,6647,2228.31,9.42,322,4.1,139,Swimming,Rain,Other,Stressed
610,2023-01-01,16358,2042.97,2.74,1181,0.7,135,Yoga,Clear,Office,Happy
241,2023-01-01,23129,3999.85,11.96,506,9.1,99,None,Clear,Park,Tired
417,2023-01-01,5864,3386.26,2.77,51,1.2,61,None,Snow,Park,Tired
342,2023-01-01,16267,2305.33,7.97,1047,0.7,93,"Gym Workout",Rain,Park,Tired
361,2023-01-01,12296,1511.79,1.91,1042,11.5,168,Yoga,Fog,Home,Neutral
16,2023-01-01,267,1870.4,0.27,1164,9.9,88,Cycling,Clear,Other,Happy
694,2023-01-01,11211,2619.59,17.39,935,3.6,64,Cycling,Fog,Park,Happy
694,2023-01-01,16233,2630.72,12.88,560,2.3,176,"Gym Workout",Snow,Park,Happy
526,2023-01-01,6671,3707.17,14.43,270,11.3,138,None,Rain,Other,Happy
309,2023-01-01,18297,2635.01,16.14,1299,8.5,151,Swimming,Snow,Home,Happy
130,2023-01-01,27866,3966.9,3.96,445,0.7,153,Walking,Fog,Office,Tired
653,2023-01-01,292,3661.8,10.99,533,7.4,106,Swimming,Clear,Gym,Stressed
421,2023-01-01,23725,3425.97,2.71,161,1.8,80,Running,Rain,Other,Neutral
261,2023-01-01,26677,3887.39,6.61,1147,4.9,95,Yoga,Clear,Home,Tired
209,2023-01-01,25997,2277.85,17.69,46,10.1,152,"Gym Workout",Rain,Gym,Tired
222,2023-01-01,19769,2190.71,3.14,618,10.7,160,None,Snow,Park,Neutral
334,2023-01-01,16952,3445.53,11.73,1438,9.8,179,Cycling,Fog,Office,Happy
90,2023-01-01,26604,3993.61,15.96,1338,5.1,143,Running,Clear,Home,Tired
121,2023-01-01,13187,2820.5,19.38,1370,9.6,103,Cycling,Fog,Home,Neutral
330,2023-01-01,5417,3068.29,8.01,1021,1.4,163,Walking,Fog,Park,Stressed
669,2023-01-01,12783,3327.93,1.67,380,7.4,62,Swimming,Snow,Home,Neutral
241,2023-01-01,29862,2050.89,8.85,364,7.7,108,Swimming,Snow,Home,Neutral
139,2023-01-01,28639,2194.05,16.07,853,9.9,167,"Gym Workout",Fog,Park,Happy
252,2023-01-01,11097,2037.58,13.5,1333,7.6,177,Cycling,Fog,Other,Neutral
454,2023-01-01,15252,2723.22,19.66,1353,6.9,113,Walking,Snow,Office,Neutral
55,2023-01-01,17955,2221.95,8.65,1156,4.9,73,"Gym Workout",Snow,Other,Stressed
837,2023-01-01,10932,2442.5,7.53,236,9.1,158,Running,Clear,Other,Tired
272,2023-01-01,11881,2007.23,1.17,605,4.1,125,None,Snow,Home,Neutral
671,2023-01-01,24360,1642.29,9.83,1276,8.3,121,Yoga,Snow,Gym,Neutral
308,2023-01-01,26656,2027.2,18.52,529,0.8,164,Walking,Clear,Park,Neutral
406,2023-01-01,21568,3925.09,3.5,1311,9.5,135,Running,Rain,Gym,Tired
419,2023-01-01,25212,2176.79,10.54,1218,11.5,73,Running,Fog,Office,Stressed
720,2023-01-01,23403,2307.96,5.87,1333,9.8,167,None,Snow,Park,Stressed
53,2023-01-01,4505,3507.23,14.31,289,6.3,89,Walking,Snow,Home,Neutral
710,2023-01-01,17821,2759.34,4.69,1029,3.7,154,Yoga,Fog,Park,Tired
934,2023-01-01,27028,2847.81,13.86,716,3.7,137,Swimming,Clear,Park,Neutral
951,2023-01-01,10660,3569.28,3.46,744,8.9,150,Running,Fog,Office,Tired
40,2023-01-01,18020,2007.65,12.96,1165,5.6,134,"Gym Workout",Rain,Home,Stressed
82,2023-01-01,4604,2837.02,10.59,228,4.1,130,"Gym Workout",Clear,Office,Stressed
16,2023-01-01,12882,2482.05,14.96,892,7.1,148,Cycling,Rain,Home,Stressed
285,2023-01-01,11144,1895,11.04,989,8.9,130,Running,Snow,Other,Tired
761,2023-01-01,5111,3112.83,7,310,3.7,72,Cycling,Clear,Park,Happy
742,2023-01-01,8017,3992.53,5.21,1222,4.5,146,Yoga,Fog,Other,Neutral
137,2023-01-01,13943,1665.25,11.87,1170,4.9,94,None,Fog,Park,Neutral
994,2023-01-01,14594,2509.13,12.53,662,0.9,127,Walking,Snow,Gym,Neutral
586,2023-01-01,13254,1740.55,6.64,1068,8.1,95,None,Clear,Other,Stressed
680,2023-01-01,26431,3837.31,11.52,313,5.5,123,Yoga,Rain,Gym,Tired
42,2023-01-01,15906,3092.76,18.38,1145,1.1,154,Walking,Rain,Other,Stressed
361,2023-01-01,15015,3297.08,6.32,1123,10.7,69,None,Rain,Gym,Stressed
142,2023-01-01,15777,1541.95,13.3,1406,10.6,137,None,Fog,Home,Happy
834,2023-01-01,14858,2509.1,4.3,1439,7.4,142,Swimming,Snow,Home,Neutral
797,2023-01-01,16030,1752.72,18.92,234,10.3,81,Cycling,Rain,Park,Stressed
621,2023-01-01,9007,3479.69,3.1,846,5.1,152,Running,Rain,Gym,Tired
138,2023-01-01,1849,1567.75,0,1046,1.8,142,Walking,Rain,Office,Stressed
721,2023-01-01,24977,1528.3,19.63,1266,11.3,167,"Gym Workout",Clear,Other,Stressed
103,2023-01-01,16704,1884.37,13.38,700,10.9,119,None,Fog,Home,Tired
81,2023-01-01,4794,1954.05,17,586,4.6,161,Swimming,Rain,Park,Tired
909,2023-01-01,21410,1886.86,2.13,589,7.1,104,Yoga,Snow,Office,Tired
759,2023-01-01,7154,2471.87,11.26,285,8.3,123,Yoga,Snow,Office,Stressed
354,2023-01-01,5405,1990.1,11.29,584,7.2,93,None,Rain,Other,Happy
646,2023-01-01,7443,2000.79,5.82,61,4.6,83,None,Snow,Other,Stressed
598,2023-01-01,10085,3800.85,0.69,1210,11.6,74,"Gym Workout",Rain,Park,Stressed
658,2023-01-01,27680,2424.31,14.23,265,1.2,126,Walking,Fog,Park,Happy
541,2023-01-01,14222,3376.01,4.65,1008,8.8,162,Swimming,Rain,Gym,Tired
594,2023-01-01,22639,3496.26,6.76,847,11.4,116,Running,Rain,Other,Happy
639,2023-01-01,17758,1613.62,2.02,1138,0.2,87,Cycling,Fog,Other,Neutral
195,2023-01-01,2258,2675.35,4.35,1317,5,119,"Gym Workout",Fog,Home,Neutral
559,2023-01-01,29101,3659.43,3.43,363,2.7,76,Walking,Fog,Home,Stressed
80,2023-01-01,5958,3864.26,16.8,697,4.5,112,Swimming,Rain,Office,Happy
620,2023-01-01,22294,3516.81,2.54,1224,11.1,108,Running,Clear,Gym,Stressed
954,2023-01-01,25940,2552.14,4.28,1229,0.8,166,Swimming,Clear,Gym,Neutral
139,2023-01-01,12261,1991.71,13.16,1372,5.9,137,Walking,Fog,Other,Happy
359,2023-01-01,7162,3356.35,5.86,736,0.8,87,None,Snow,Gym,Tired
367,2023-01-01,15514,3352.79,10.31,123,6.3,122,Swimming,Snow,Office,Neutral
956,2023-01-01,18198,2886.95,11.26,1352,7.8,127,Swimming,Clear,Home,Stressed
725,2023-01-01,19551,3180.95,2.94,458,2.8,149,None,Rain,Gym,Stressed
162,2023-01-01,3140,3802.03,18.79,534,8.7,141,Yoga,Rain,Other,Neutral
927,2023-01-01,8736,2501.8,14.72,1208,11.1,72,Cycling,Fog,Other,Happy
341,2023-01-01,16790,3993.02,19.54,426,10.9,150,Yoga,Clear,Office,Happy
40,2023-01-01,2898,3226.76,5.52,1415,8.8,112,None,Rain,Gym,Neutral
6,2023-01-01,10325,1967.18,1.56,1098,9,86,"Gym Workout",Snow,Gym,Neutral
230,2023-01-01,7709,1944.79,1.03,761,1.4,87,None,Fog,Gym,Neutral
999,2023-01-01,13833,3227.42,12.35,1289,8.6,161,Cycling,Snow,Home,Happy
696,2023-01-01,20877,2940.48,1.22,794,9.6,90,Swimming,Rain,Park,Tired
822,2023-01-01,6883,2677.14,18.09,989,10.4,126,Swimming,Snow,Home,Happy
881,2023-01-01,2545,3204.03,3.95,479,11.9,166,Swimming,Clear,Park,Stressed
99,2023-01-01,2493,3554.42,10.95,763,5.8,97,Swimming,Clear,Park,Neutral
66,2023-01-01,21927,2816.41,5.76,423,4.4,149,Yoga,Rain,Park,Happy
662,2023-01-01,13936,3479.54,3.51,117,3.6,125,Yoga,Fog,Park,Stressed
572,2023-01-01,22253,1542.43,1.95,1166,8.3,67,Swimming,Snow,Office,Happy
558,2023-01-01,4746,2558.62,16.62,1365,9.1,72,Running,Snow,Park,Tired
331,2023-01-01,13048,3599.35,5.57,534,9.5,140,None,Fog,Home,Happy
392,2023-01-01,10047,2101.91,12.46,0,10.5,105,Cycling,Fog,Other,Neutral
961,2023-01-01,26994,3029.84,19.37,862,2.7,110,Walking,Snow,Gym,Happy
563,2023-01-01,22478,1966.54,12.07,1133,9.2,171,Yoga,Rain,Park,Tired
770,2023-01-01,26003,2434.31,6.23,1222,9.9,167,None,Clear,Gym,Happy
10,2023-01-01,9961,2077.1,7.82,274,11.3,149,None,Rain,Park,Happy
863,2023-01-01,18347,3462.46,12.71,446,8,84,Yoga,Clear,Park,Tired
791,2023-01-01,2696,3430.9,9.83,257,10.7,107,"Gym Workout",Fog,Other,Neutral
695,2023-01-01,3106,3130.39,14.75,19,9.6,85,"Gym Workout",Fog,Park,Stressed
392,2023-01-01,9979,2211.47,0.38,750,0.3,128,Walking,Fog,Other,Happy
657,2023-01-01,18258,3357.4,5.94,603,1.2,156,Swimming,Fog,Park,Stressed
95,2023-01-01,11513,1858.01,0.55,1015,1,60,Yoga,Snow,Home,Neutral
553,2023-01-01,13905,3609.75,11.57,693,7.8,69,Running,Fog,Park,Neutral
18,2023-01-01,22242,2705.94,3.73,303,6.8,151,Swimming,Rain,Office,Stressed
874,2023-01-01,3807,3407.3,10.91,999,8.7,104,Swimming,Clear,Gym,Happy
731,2023-01-01,25734,3903.49,13.97,1404,8.6,176,Swimming,Rain,Park,Neutral
404,2023-01-01,9932,1567.78,0.85,1109,7.8,88,Running,Fog,Office,Tired
513,2023-01-01,22534,3461.58,0.26,929,3.3,76,Yoga,Fog,Office,Stressed
413,2023-01-01,9981,3751.37,1.35,1167,8.9,150,None,Clear,Home,Neutral
877,2023-01-01,4079,3989.02,16.88,871,4.3,103,"Gym Workout",Clear,Home,Tired
899,2023-01-01,9102,2048.83,15.69,278,9.7,136,Swimming,Snow,Park,Stressed
947,2023-01-01,15092,2496.16,16.86,278,10.6,122,None,Fog,Other,Stressed
131,2023-01-01,12888,3280.93,10.79,468,9.4,123,Yoga,Fog,Office,Stressed
481,2023-01-01,25475,1719.47,15.23,190,2.5,123,Cycling,Snow,Other,Tired
824,2023-01-01,19585,1533.05,10.68,769,6.3,79,Swimming,Clear,Gym,Neutral
276,2023-01-01,9456,2650.22,7.17,599,4.4,156,Cycling,Fog,Park,Happy
199,2023-01-01,23352,3447.59,2.21,1250,5.9,128,Walking,Rain,Park,Happy
75,2023-01-01,28397,2447.79,0.5,658,7.1,94,None,Fog,Home,Tired
675,2023-01-01,18522,3406.69,18.44,1149,4.2,74,Running,Clear,Gym,Happy
481,2023-01-01,27719,3407.25,1.94,1388,2.3,77,Yoga,Fog,Home,Happy
39,2023-01-01,10474,3261.81,5.04,1153,1.1,140,Swimming,Fog,Gym,Neutral
330,2023-01-01,16427,2506.07,3.9,368,5.9,108,Swimming,Clear,Office,Happy
411,2023-01-01,28449,2668.85,12.16,293,0.5,102,Running,Clear,Home,Happy
888,2023-01-01,7262,2907.28,15.06,1425,0.2,113,Cycling,Clear,Other,Stressed
969,2023-01-01,23441,1614.74,11.42,1029,2.8,101,Swimming,Snow,Office,Tired
539,2023-01-01,2848,2419.95,2.1,577,5.6,153,Cycling,Snow,Park,Happy
97,2023-01-01,3614,2317.02,3.5,38,0.9,89,Cycling,Rain,Home,Tired
600,2023-01-01,7565,2559.25,8.98,556,2,69,Cycling,Fog,Gym,Happy
124,2023-01-01,14376,2688.94,12.84,839,5,157,Cycling,Snow,Gym,Neutral
374,2023-01-01,21420,2125.26,19.62,360,11.6,123,Walking,Fog,Office,Happy
927,2023-01-01,7039,3241.44,11.45,856,4.3,103,None,Rain,Gym,Happy
493,2023-01-01,4864,3218.4,15.74,816,0.2,132,Yoga,Fog,Home,Neutral
236,2023-01-01,4834,3589.59,15.71,412,11,134,Cycling,Snow,Home,Tired
656,2023-01-01,8884,2144.99,8.87,410,8.8,121,Swimming,Fog,Gym,Stressed
725,2023-01-01,24013,2868.71,12.98,1277,10.9,89,None,Rain,Gym,Happy
796,2023-01-01,4156,2810.94,10.25,45,9,112,Cycling,Fog,Other,Neutral
528,2023-01-01,29972,3722.18,19.75,124,6.7,120,Running,Clear,Park,Neutral
557,2023-01-01,854,3800.06,6.8,1022,11.7,101,Yoga,Clear,Home,Happy
139,2023-01-01,9314,3065.79,1.51,470,9.5,167,None,Snow,Other,Neutral
456,2023-01-01,17997,1777.32,18.24,1345,9.1,106,Swimming,Fog,Office,Stressed
389,2023-01-01,13855,3107.64,4.73,1328,7.2,146,Walking,Snow,Other,Tired
390,2023-01-01,23997,3100.8,5.98,50,2.3,75,Walking,Fog,Gym,Happy
250,2023-01-01,11418,3281.83,12.05,244,8.5,117,Swimming,Clear,Park,Neutral
146,2023-01-01,4520,2361.52,7.99,273,3.9,83,None,Clear,Park,Tired
27,2023-01-01,21310,1801.13,2.72,139,11,119,Walking,Clear,Park,Happy
384,2023-01-01,23562,2542.73,19.31,551,1.5,73,Cycling,Fog,Home,Neutral
713,2023-01-01,9032,3806.63,16.96,624,7.5,85,Running,Clear,Home,Tired
699,2023-01-01,25027,2725.63,12.28,193,10.8,123,Yoga,Fog,Park,Neutral
261,2023-01-01,20095,2497.59,0.8,254,4.5,66,Cycling,Clear,Gym,Happy
516,2023-01-01,8095,2188.3,16.92,532,4.4,77,Yoga,Clear,Gym,Happy
807,2023-01-01,3349,1935.12,10.49,873,3.5,83,Yoga,Rain,Park,Happy
253,2023-01-01,4302,2534.37,14.27,122,11.8,114,Cycling,Fog,Gym,Neutral
726,2023-01-01,20999,2294.63,1.72,390,2.7,139,Yoga,Fog,Park,Tired
748,2023-01-01,15142,2462.6,17.23,513,3.7,138,Swimming,Snow,Park,Neutral
138,2023-01-01,22715,2347.39,5.92,398,2.2,158,Swimming,Fog,Park,Happy
16,2023-01-01,19438,2592.29,15.14,935,9.9,144,Running,Snow,Gym,Stressed
282,2023-01-01,19202,1702.39,9.45,560,0.4,148,Walking,Snow,Gym,Stressed
238,2023-01-01,29209,2027.22,8.74,104,8.2,107,Yoga,Fog,Home,Happy
84,2023-01-01,23610,2344.15,4.54,256,9.5,72,Walking,Rain,Gym,Neutral
436,2023-01-01,26564,3889.18,15.29,62,0.5,73,Running,Fog,Office,Happy
433,2023-01-01,10809,3735.39,13.98,576,0.2,99,Swimming,Fog,Home,Neutral
172,2023-01-01,4887,2288.03,14.18,1402,5.2,80,Swimming,Rain,Park,Tired
767,2023-01-01,15592,2573.03,0.76,793,10.7,154,Yoga,Fog,Gym,Happy
949,2023-01-01,5744,2763.78,11.32,771,1.6,161,None,Rain,Other,Neutral
471,2023-01-01,25184,3085.38,11.56,1201,1.8,66,None,Clear,Gym,Tired
480,2023-01-01,8391,1532.14,7.23,405,2.5,166,Running,Rain,Home,Happy
468,2023-01-01,6317,1700.44,12.53,513,12,134,"Gym Workout",Rain,Home,Tired
95,2023-01-01,6753,3145.31,12.28,1209,3.4,132,"Gym Workout",Snow,Home,Stressed
823,2023-01-01,1822,3072.72,18.67,1355,6.6,76,"Gym Workout",Rain,Gym,Tired
959,2023-01-01,10328,3197.06,7.74,473,7.6,172,"Gym Workout",Fog,Park,Happy
782,2023-01-01,7563,3902.87,18.94,95,8.3,169,Running,Rain,Other,Stressed
270,2023-01-01,17656,3987.32,14.4,267,8,94,Walking,Fog,Park,Tired
615,2023-01-01,14640,2220.4,6.37,335,3.5,115,Running,Snow,Home,Stressed
956,2023-01-01,21494,3003.06,13.35,1268,4.5,123,None,Fog,Home,Neutral
430,2023-01-01,21567,1936.77,11.46,474,4.2,120,None,Clear,Home,Tired
500,2023-01-01,14992,3340,8.94,1078,0,89,Cycling,Clear,Gym,Stressed
979,2023-01-01,20490,3149.3,18.38,862,0.9,148,Swimming,Rain,Home,Tired
591,2023-01-01,24186,2409.8,17.37,895,2.3,155,Swimming,Clear,Park,Neutral
943,2023-01-01,19953,2457.23,2.37,453,1.6,82,Swimming,Rain,Office,Happy
134,2023-01-01,22537,1534.54,6.82,320,0.2,136,Running,Snow,Other,Neutral
302,2023-01-01,4473,3434,19.58,311,0.8,92,Running,Fog,Gym,Happy
363,2023-01-01,8559,2172.95,9.35,1388,6.7,67,Yoga,Rain,Home,Neutral
887,2023-01-01,14291,2981.85,10.36,1298,10.6,135,Cycling,Clear,Park,Stressed
556,2023-01-01,22986,2945.68,0.19,825,2.7,118,None,Snow,Home,Neutral
616,2023-01-01,227,3542.88,14.63,1139,11.5,142,Swimming,Fog,Gym,Happy
688,2023-01-01,4902,3942.55,4.67,10,11.8,109,Swimming,Fog,Gym,Stressed
760,2023-01-01,26312,3047.8,19.31,1044,0.3,179,Yoga,Fog,Gym,Stressed
745,2023-01-01,14716,3425.83,10.93,363,5.8,96,Walking,Snow,Gym,Neutral
196,2023-01-01,22968,2060.66,13.15,1147,11.4,144,Swimming,Snow,Other,Happy
691,2023-01-01,5818,2950.08,9.28,423,5.3,103,"Gym Workout",Clear,Other,Tired
219,2023-01-01,1349,2037.94,11.64,997,4.8,75,None,Snow,Gym,Tired
983,2023-01-01,25830,3919.98,0.81,1129,3.3,125,Yoga,Fog,Gym,Stressed
393,2023-01-01,14395,3500.35,5.82,396,9.6,179,"Gym Workout",Rain,Office,Happy
295,2023-01-01,9399,3586.99,19.1,449,4.6,141,Swimming,Rain,Park,Happy
646,2023-01-01,12132,3946.09,9.77,283,6,148,Running,Snow,Home,Tired
290,2023-01-01,25347,2949.53,15.99,34,5.1,72,Swimming,Snow,Office,Stressed
75,2023-01-01,22574,2451.37,18.12,834,7.7,78,Cycling,Fog,Office,Stressed
226,2023-01-01,19291,3174.52,17.41,678,10,115,Swimming,Fog,Office,Neutral
644,2023-01-01,19495,2015.57,15.25,711,4,145,Swimming,Clear,Home,Happy
603,2023-01-01,7990,3619.76,9.69,1003,0.9,76,Swimming,Snow,Gym,Neutral
658,2023-01-01,19614,2761.85,15.71,1337,6.6,171,None,Fog,Park,Stressed
454,2023-01-01,22775,3070.71,8.98,127,9.9,93,Walking,Rain,Other,Tired
589,2023-01-01,11088,3957.86,5.22,1265,3.5,61,Cycling,Rain,Park,Stressed
151,2023-01-01,27817,3327.31,17.78,244,11.7,70,None,Rain,Home,Tired
285,2023-01-01,14539,3187.49,0.38,605,2.4,123,Cycling,Rain,Other,Happy
926,2023-01-01,20396,1601.73,15.01,16,3.8,129,Running,Rain,Park,Neutral
567,2023-01-01,12943,1550.06,9.53,1002,7.3,72,Running,Rain,Office,Stressed
744,2023-01-01,18386,2125.62,19.86,993,7.4,143,Swimming,Fog,Gym,Happy
376,2023-01-01,29774,3507.15,4.42,800,4.9,134,Walking,Rain,Gym,Stressed
204,2023-01-01,26753,1806.32,6.46,664,3.2,95,Walking,Clear,Other,Tired
617,2023-01-01,28123,2213,18.09,1087,9.1,77,"Gym Workout",Snow,Office,Neutral
914,2023-01-01,9579,2343.16,2.88,192,7.3,104,"Gym Workout",Fog,Office,Tired
81,2023-01-01,4160,2292.97,18.67,337,8.5,95,Swimming,Snow,Gym,Happy
544,2023-01-01,22774,3442.6,11.31,756,10.4,67,Cycling,Rain,Office,Tired
781,2023-01-01,28867,1976.76,6.91,54,11.9,142,Running,Snow,Office,Stressed
490,2023-01-01,26967,2480.06,11.69,49,0.9,142,None,Rain,Home,Tired
479,2023-01-01,15825,3340.86,17.91,39,5.6,131,Running,Clear,Office,Stressed
33,2023-01-01,2181,3831.53,1.99,1163,2.9,60,Swimming,Rain,Home,Happy
791,2023-01-01,27110,2330.96,0.92,344,9.8,114,"Gym Workout",Clear,Office,Tired
108,2023-01-01,18899,2660.18,10.06,1330,11.6,79,Swimming,Rain,Gym,Tired
840,2023-01-01,18553,3027.02,2.72,647,11.8,72,Running,Snow,Home,Neutral
916,2023-01-01,17324,1790.23,18.23,193,2.6,176,None,Rain,Park,Tired
459,2023-01-01,668,1939.41,5.54,905,11.5,136,"Gym Workout",Rain,Office,Happy
66,2023-01-01,19344,1798.71,2,1096,4.9,60,None,Snow,Other,Neutral
648,2023-01-01,8731,2698.87,4.94,557,9.4,96,Running,Clear,Office,Neutral
341,2023-01-01,13774,1635.78,17.71,108,6.9,143,None,Clear,Park,Happy
592,2023-01-01,19138,3413.44,17.98,73,6.1,103,Walking,Snow,Home,Neutral
748,2023-01-01,14826,3855.41,7.31,362,5.5,138,Swimming,Fog,Office,Tired
301,2023-01-01,24546,2286.71,0.92,794,1.7,162,None,Snow,Gym,Neutral
877,2023-01-01,16213,3452.38,3.2,103,6.3,173,Swimming,Rain,Office,Neutral
737,2023-01-01,2770,3248.62,16.91,638,0.1,120,Swimming,Clear,Gym,Happy
843,2023-01-01,2463,3642.36,16.68,291,11.8,169,Running,Rain,Other,Happy
743,2023-01-01,14198,3108.95,1.51,20,1.8,157,Running,Snow,Other,Happy
545,2023-01-01,6873,3813.86,4.03,505,7.3,162,"Gym Workout",Fog,Gym,Stressed
524,2023-01-01,15611,3101.44,10.21,667,6.7,152,Cycling,Clear,Gym,Tired
223,2023-01-01,5583,2514.06,14.19,384,1.7,177,Swimming,Rain,Gym,Neutral
70,2023-01-01,27970,3660.38,5.7,606,0.6,79,Yoga,Rain,Other,Stressed
366,2023-01-01,28017,2545.46,2.32,1294,8.4,100,None,Rain,Gym,Tired
148,2023-01-01,1010,3329.23,1.76,1059,1,102,Yoga,Fog,Park,Tired
468,2023-01-01,14274,2755.78,17.87,41,2.5,144,Yoga,Clear,Park,Stressed
48,2023-01-01,7636,2794.83,17.14,472,6.4,135,Walking,Fog,Home,Neutral
599,2023-01-01,28564,3386.33,8.55,399,10.6,101,Cycling,Clear,Office,Neutral
427,2023-01-01,26492,2274.66,10.14,553,7.2,111,None,Rain,Other,Happy
969,2023-01-01,19372,2668.03,11.95,237,3.4,102,Running,Clear,Gym,Tired
675,2023-01-01,16099,1546.67,12.7,1018,6.3,79,"Gym Workout",Snow,Home,Neutral
71,2023-01-01,2353,1536.96,0.68,1266,6.6,163,None,Clear,Office,Neutral
703,2023-01-01,11326,1791.07,12.3,1335,4.7,68,Running,Rain,Park,Stressed
397,2023-01-01,13904,3858.74,2.63,692,9.9,124,None,Fog,Other,Neutral
455,2023-01-01,13285,1756.63,1.84,662,11.2,107,"Gym Workout",Rain,Other,Stressed
93,2023-01-01,21649,3844.28,7.07,1207,3.5,165,Yoga,Clear,Other,Stressed
947,2023-01-01,6273,2576.39,11.71,372,5.7,75,Cycling,Fog,Park,Stressed
700,2023-01-01,8953,3884.8,19.55,12,7.5,62,Yoga,Snow,Home,Neutral
482,2023-01-01,13821,2165.7,7.22,1255,5.1,142,"Gym Workout",Fog,Gym,Stressed
856,2023-01-01,20258,2617.08,11.46,1253,10.2,140,Swimming,Fog,Office,Happy
850,2023-01-01,3456,3964.32,13.17,737,4.9,101,Swimming,Snow,Gym,Happy
107,2023-01-01,6939,2806.79,2.78,142,7.6,135,Running,Rain,Park,Happy
52,2023-01-01,20799,3025.1,18.05,1017,11.5,81,Walking,Clear,Gym,Tired
952,2023-01-01,10705,3052.67,19.75,913,4.8,75,Swimming,Rain,Park,Happy
772,2023-01-01,15412,2594.18,11.53,712,2,155,Cycling,Rain,Home,Neutral
31,2023-01-01,24250,1567.06,1.32,1117,10.1,147,"Gym Workout",Fog,Gym,Tired
39,2023-01-01,25343,3039.93,8.02,828,5.8,144,None,Clear,Office,Tired
325,2023-01-01,24461,2163.09,4.02,1427,6.7,168,Running,Snow,Gym,Neutral
423,2023-01-01,5857,2752.69,4.52,955,4.9,86,Yoga,Rain,Home,Neutral
533,2023-01-01,24432,2385.57,16.89,1103,5.1,128,"Gym Workout",Snow,Office,Happy
700,2023-01-01,12769,3682.28,9.08,119,9.3,130,Swimming,Rain,Office,Tired
528,2023-01-01,23302,3515.88,7.01,832,10.2,158,"Gym Workout",Snow,Gym,Stressed
748,2023-01-01,24385,1783.63,9.04,1039,9.4,81,Swimming,Rain,Other,Stressed
621,2023-01-01,4957,3461.41,15.91,338,6.1,124,Walking,Rain,Home,Happy
540,2023-01-01,26233,2759.99,9.95,319,2.1,128,Swimming,Clear,Other,Happy
40,2023-01-01,25053,1616.29,6.02,483,9.6,165,Yoga,Rain,Other,Tired
275,2023-01-01,1916,2357.53,19.74,1054,0.6,68,Walking,Snow,Home,Stressed
456,2023-01-01,12418,2994.17,0.18,802,1.4,142,Yoga,Clear,Office,Neutral
831,2023-01-01,1245,3227.59,4.85,644,7.9,117,Walking,Snow,Other,Stressed
460,2023-01-01,27390,2261.93,9.51,1227,8.5,102,Cycling,Fog,Home,Tired
746,2023-01-01,20418,2726.28,9.22,730,3.4,113,None,Clear,Office,Happy
587,2023-01-01,17998,2376.08,9.72,1060,3.1,64,"Gym Workout",Clear,Office,Happy
148,2023-01-01,22843,3855.44,16.34,272,5.9,134,None,Fog,Office,Neutral
518,2023-01-01,19783,3257.98,4.22,964,8.7,68,Cycling,Snow,Home,Stressed
801,2023-01-01,2982,2486.78,0.57,567,0.9,149,"Gym Workout",Clear,Park,Stressed
330,2023-01-01,29777,3009.25,4.88,167,12,173,"Gym Workout",Snow,Other,Stressed
390,2023-01-01,1618,1813.25,14.34,1315,10.1,168,Cycling,Clear,Park,Neutral
658,2023-01-01,20875,2171.01,16.63,712,10.4,90,Cycling,Rain,Office,Tired
